year,centre_code,centre_name,ownership,address,postal_code,municipality_code,municipality,county,utm_x,utm_y,longitude,latitude,source_url
2025,43000251,Escola La Portalada,Departament d'Educació i Formació Professional,"c. Portalada, 7",43893,430120,Altafulla,Tarragonès,363049,4555740,1.368133,41.14142,https://analisi.transparenciacatalunya.cat/resource/kvmv-ahh4.csv?%24where=nom_comarca%3D%27Tarragon%C3%A8s%27&%24limit=50000&%24order=any%2Ccodi_municipi_6%2Ccodi_centre
2025,43007488,Llar d'infants Francesc Blanch i Ribé,Corporacions Locals,"c. de la Mainada, s/n",43893,430120,Altafulla,Tarragonès,363535,4555714,1.373927,41.14127,https://analisi.transparenciacatalunya.cat/resource/kvmv-ahh4.csv?%24where=nom_comarca%3D%27Tarragon%C3%A8s%27&%24limit=50000&%24order=any%2Ccodi_municipi_6%2Ccodi_centre
2025,43009977,Institut d'Altafulla,Departament d'Educació i Formació Professional,"c. Camí de l'Oliverot, s/n",43893,430120,Altafulla,Tarragonès,363940,4556286,1.378628,41.14649,https://analisi.transparenciacatalunya.cat/resource/kvmv-ahh4.csv?%24where=nom_comarca%3D%27Tarragon%C3%A8s%27&%24limit=50000&%24order=any%2Ccodi_municipi_6%2Ccodi_centre
2025,43010402,Escola El Roquissar,Departament d'Educació i Formació Professional,"c. Roquissar, 8",43893,430120,Altafulla,Tarragonès,363778,4556341,1.376687,41.14695,https://analisi.transparenciacatalunya.cat/resource/kvmv-ahh4.csv?%24where=nom_comarca%3D%27Tarragon%C3%A8s%27&%24limit=50000&%24order=any%2Ccodi_municipi_6%2Ccodi_centre
2025,43011297,Llar d'infants Hort de Pau,Corporacions Locals,c. de la Cabana-Sector PP5 l'Hort de Pau,43893,430120,Altafulla,Tarragonès,363666,4555332,1.375573,41.13785,https://analisi.transparenciacatalunya.cat/resource/kvmv-ahh4.csv?%24where=nom_comarca%3D%27Tarragon%C3%A8s%27&%24limit=50000&%24order=any%2Ccodi_municipi_6%2Ccodi_centre
2025,43011674,Esc. de Música Municipal d'Altafulla,Corporacions Locals,"c. Sant Antoni Abat, 11-13",43893,430120,Altafulla,Tarragonès,363639,4555629,1.375191,41.14052,https://analisi.transparenciacatalunya.cat/resource/kvmv-ahh4.csv?%24where=nom_comarca%3D%27Tarragon%C3%A8s%27&%24limit=50000&%24order=any%2Ccodi_municipi_6%2Ccodi_centre
2025,43010499,CFA Pau Casals,Departament d'Educació i Formació Professional,"Trav. Comella Moro, 15 (CP Mas Enric)",43764,430430,El Catllar,Tarragonès,356456.5,4557130,1.289289,41.152,https://analisi.transparenciacatalunya.cat/resource/kvmv-ahh4.csv?%24where=nom_comarca%3D%27Tarragon%C3%A8s%27&%24limit=50000&%24order=any%2Ccodi_municipi_6%2Ccodi_centre
2025,43011261,Llar d'infants L'Agulla del Catllar,Corporacions Locals,"c. de França, s/n",43764,430430,El Catllar,Tarragonès,359487,4559514,1.324847,41.17479,https://analisi.transparenciacatalunya.cat/resource/kvmv-ahh4.csv?%24where=nom_comarca%3D%27Tarragon%C3%A8s%27&%24limit=50000&%24order=any%2Ccodi_municipi_6%2Ccodi_centre
2025,43012745,The British School of Costa Daurada,Societats Mercantils,"c. del Mas de la Creu, 4",43764,430430,El Catllar,Tarragonès,358570,4556985,1.314458,41.15192,https://analisi.transparenciacatalunya.cat/resource/kvmv-ahh4.csv?%24where=nom_comarca%3D%27Tarragon%C3%A8s%27&%24limit=50000&%24order=any%2Ccodi_municipi_6%2Ccodi_centre
2025,43012812,Institut Escola L'Agulla,Departament d'Educació i Formació Professional,"av. Catalunya, 3",43764,430430,El Catllar,Tarragonès,359908,4559551,1.329858,41.1752,https://analisi.transparenciacatalunya.cat/resource/kvmv-ahh4.csv?%24where=nom_comarca%3D%27Tarragon%C3%A8s%27&%24limit=50000&%24order=any%2Ccodi_municipi_6%2Ccodi_centre
2025,43000895,Escola Mossèn Ramon Bergadà,Departament d'Educació i Formació Professional,"c. Jaume I, s/n",43120,430477,Constantí,Tarragonès,350469,4557211,1.217946,41.15244,https://analisi.transparenciacatalunya.cat/resource/kvmv-ahh4.csv?%24where=nom_comarca%3D%27Tarragon%C3%A8s%27&%24limit=50000&%24order=any%2Ccodi_municipi_6%2Ccodi_centre
2025,43000949,Escola agrària Mas Bové,Altres Departaments,"Mas Bové,ct.Reus-Morell km.4(ap.cor.527)",43120,430477,Constantí,Tarragonès,346412,4559239,1.169105,41.16994,https://analisi.transparenciacatalunya.cat/resource/kvmv-ahh4.csv?%24where=nom_comarca%3D%27Tarragon%C3%A8s%27&%24limit=50000&%24order=any%2Ccodi_municipi_6%2Ccodi_centre
2025,43005893,Escola Centcelles,Departament d'Educació i Formació Professional,"c. Joan Maragall, s/n",43120,430477,Constantí,Tarragonès,350627,4557368,1.219789,41.15389,https://analisi.transparenciacatalunya.cat/resource/kvmv-ahh4.csv?%24where=nom_comarca%3D%27Tarragon%C3%A8s%27&%24limit=50000&%24order=any%2Ccodi_municipi_6%2Ccodi_centre
2025,43007646,Institut de Constantí,Departament d'Educació i Formació Professional,"c. Onze de Setembre, s/n",43120,430477,Constantí,Tarragonès,350453,4557280,1.217742,41.15306,https://analisi.transparenciacatalunya.cat/resource/kvmv-ahh4.csv?%24where=nom_comarca%3D%27Tarragon%C3%A8s%27&%24limit=50000&%24order=any%2Ccodi_municipi_6%2Ccodi_centre
2025,43010451,Llar d'infants Gu-gu,Corporacions Locals,"pl. de les Escoles Velles, s/n",43120,430477,Constantí,Tarragonès,350369,4557072,1.216788,41.15117,https://analisi.transparenciacatalunya.cat/resource/kvmv-ahh4.csv?%24where=nom_comarca%3D%27Tarragon%C3%A8s%27&%24limit=50000&%24order=any%2Ccodi_municipi_6%2Ccodi_centre
2025,43005364,Escola Les Eres,Departament d'Educació i Formació Professional,"c. Onze de Setembre, s/n",43838,430509,Creixell,Tarragonès,368876,4558889,1.436865,41.17074,https://analisi.transparenciacatalunya.cat/resource/kvmv-ahh4.csv?%24where=nom_comarca%3D%27Tarragon%C3%A8s%27&%24limit=50000&%24order=any%2Ccodi_municipi_6%2Ccodi_centre
2025,43009667,Llar d'infants Municipal de Creixell,Corporacions Locals,"c. Coma, 30",43838,430509,Creixell,Tarragonès,369327,4558201,1.442386,41.16462,https://analisi.transparenciacatalunya.cat/resource/kvmv-ahh4.csv?%24where=nom_comarca%3D%27Tarragon%C3%A8s%27&%24limit=50000&%24order=any%2Ccodi_municipi_6%2Ccodi_centre
2025,43011649,Llar d'infants Nova Guarderia,Corporacions Locals,"c. Onze de Setembre, 4",43838,430509,Creixell,Tarragonès,368850,4558864,1.436562,41.17051,https://analisi.transparenciacatalunya.cat/resource/kvmv-ahh4.csv?%24where=nom_comarca%3D%27Tarragon%C3%A8s%27&%24limit=50000&%24order=any%2Ccodi_municipi_6%2Ccodi_centre
2025,43012241,Escola Bressol L'Estel de Mar,Corporacions Locals,"c. Vendrell, 7",43838,430509,Creixell,Tarragonès,369293,4558208,1.441982,41.16467,https://analisi.transparenciacatalunya.cat/resource/kvmv-ahh4.csv?%24where=nom_comarca%3D%27Tarragon%C3%A8s%27&%24limit=50000&%24order=any%2Ccodi_municipi_6%2Ccodi_centre
2025,43001735,Escola Ventura Gassol,Departament d'Educació i Formació Professional,"camí de Reus, 13",43760,430957,El Morell,Tarragonès,349442,4561538,1.204652,41.19121,https://analisi.transparenciacatalunya.cat/resource/kvmv-ahh4.csv?%24where=nom_comarca%3D%27Tarragon%C3%A8s%27&%24limit=50000&%24order=any%2Ccodi_municipi_6%2Ccodi_centre
2025,43008407,Institut El Morell,Departament d'Educació i Formació Professional,"c. César Martinell, 1",43760,430957,El Morell,Tarragonès,349238,4561618,1.20219,41.191,https://analisi.transparenciacatalunya.cat/resource/kvmv-ahh4.csv?%24where=nom_comarca%3D%27Tarragon%C3%A8s%27&%24limit=50000&%24order=any%2Ccodi_municipi_6%2Ccodi_centre
2025,43009931,Llar d'infants Dolça del Morell,Corporacions Locals,"pl. de l'Estatut, s/n",43760,430957,El Morell,Tarragonès,349519,4561458,1.205586,41.1905,https://analisi.transparenciacatalunya.cat/resource/kvmv-ahh4.csv?%24where=nom_comarca%3D%27Tarragon%C3%A8s%27&%24limit=50000&%24order=any%2Ccodi_municipi_6%2Ccodi_centre
2025,43012231,Esc. de Música Municipal El Morell,Corporacions Locals,"rbla. Maragall, 40",43760,430957,El Morell,Tarragonès,349961,4561436,1.210854,41.19039,https://analisi.transparenciacatalunya.cat/resource/kvmv-ahh4.csv?%24where=nom_comarca%3D%27Tarragon%C3%A8s%27&%24limit=50000&%24order=any%2Ccodi_municipi_6%2Ccodi_centre
2025,43005467,Escola Les Codinetes,Departament d'Educació i Formació Professional,"Raval dels Hostalets, s/n",43763,430976,La Nou de Gaià,Tarragonès,363746,4560378,1.375411,41.1833,https://analisi.transparenciacatalunya.cat/resource/kvmv-ahh4.csv?%24where=nom_comarca%3D%27Tarragon%C3%A8s%27&%24limit=50000&%24order=any%2Ccodi_municipi_6%2Ccodi_centre
2025,43011042,Llar d'infants La Palmera,Corporacions Locals,"c. Sants Cosme i Damià, 4",43763,430976,La Nou de Gaià,Tarragonès,363895,4560464,1.377164,41.1841,https://analisi.transparenciacatalunya.cat/resource/kvmv-ahh4.csv?%24where=nom_comarca%3D%27Tarragon%C3%A8s%27&%24limit=50000&%24order=any%2Ccodi_municipi_6%2Ccodi_centre
2025,43001826,Escola Sant Sebastià,Departament d'Educació i Formació Professional,"av. Catalunya, 12",43151,431009,Els Pallaresos,Tarragonès,355271,4559513,1.27461,41.17404,https://analisi.transparenciacatalunya.cat/resource/kvmv-ahh4.csv?%24where=nom_comarca%3D%27Tarragon%C3%A8s%27&%24limit=50000&%24order=any%2Ccodi_municipi_6%2Ccodi_centre
2025,43009564,LLI privada Can Petits,Societats Civils,"c. Tarragona, 6",43151,431009,Els Pallaresos,Tarragonès,355061,4559392,1.272134,41.17292,https://analisi.transparenciacatalunya.cat/resource/kvmv-ahh4.csv?%24where=nom_comarca%3D%27Tarragon%C3%A8s%27&%24limit=50000&%24order=any%2Ccodi_municipi_6%2Ccodi_centre
2025,43010748,Institut Els Pallaresos,Departament d'Educació i Formació Professional,"av. Catalunya, 12",43151,431009,Els Pallaresos,Tarragonès,355415,4559485,1.276325,41.17382,https://analisi.transparenciacatalunya.cat/resource/kvmv-ahh4.csv?%24where=nom_comarca%3D%27Tarragon%C3%A8s%27&%24limit=50000&%24order=any%2Ccodi_municipi_6%2Ccodi_centre
2025,43012563,Escola Bressol Els Pallaresos,Corporacions Locals,"c. Gregal, 2-4",43151,431009,Els Pallaresos,Tarragonès,354808,4558296,1.26938,41.163,https://analisi.transparenciacatalunya.cat/resource/kvmv-ahh4.csv?%24where=nom_comarca%3D%27Tarragon%C3%A8s%27&%24limit=50000&%24order=any%2Ccodi_municipi_6%2Ccodi_centre
2025,43007476,Llar d'infants Perafort,Corporacions Locals,"av. de Catalunya, s/n",43152,431037,Perafort,Tarragonès,353888,4561361,1.257682,41.19043,https://analisi.transparenciacatalunya.cat/resource/kvmv-ahh4.csv?%24where=nom_comarca%3D%27Tarragon%C3%A8s%27&%24limit=50000&%24order=any%2Ccodi_municipi_6%2Ccodi_centre
2025,43009886,Escola Josep Veciana,Departament d'Educació i Formació Professional,"av. Catalunya, s/n",43152,431037,Perafort,Tarragonès,353849,4561251,1.257245,41.18944,https://analisi.transparenciacatalunya.cat/resource/kvmv-ahh4.csv?%24where=nom_comarca%3D%27Tarragon%C3%A8s%27&%24limit=50000&%24order=any%2Ccodi_municipi_6%2Ccodi_centre
2025,43005480,Escola Mare de Déu del Lledó,Departament d'Educació i Formació Professional,"av. Guillem de Montoliu, s/n",43140,431093,La Pobla de Mafumet,Tarragonès,349687,4560647,1.207787,41.18324,https://analisi.transparenciacatalunya.cat/resource/kvmv-ahh4.csv?%24where=nom_comarca%3D%27Tarragon%C3%A8s%27&%24limit=50000&%24order=any%2Ccodi_municipi_6%2Ccodi_centre
2025,43008936,Llar d'infants L'Esquirol,Corporacions Locals,"c. Marià Fortuny, s/n",43140,431093,La Pobla de Mafumet,Tarragonès,349577,4560975,1.206396,41.18617,https://analisi.transparenciacatalunya.cat/resource/kvmv-ahh4.csv?%24where=nom_comarca%3D%27Tarragon%C3%A8s%27&%24limit=50000&%24order=any%2Ccodi_municipi_6%2Ccodi_centre
2025,43012186,Llar d'infants Nou Esquirol,Corporacions Locals,"c. Mina de Madró, cantonada Molí Tendre",43140,431093,La Pobla de Mafumet,Tarragonès,349803,4560825,1.209131,41.1848,https://analisi.transparenciacatalunya.cat/resource/kvmv-ahh4.csv?%24where=nom_comarca%3D%27Tarragon%C3%A8s%27&%24limit=50000&%24order=any%2Ccodi_municipi_6%2Ccodi_centre
2025,43012885,CENAFE La Pobla de Mafumet,Persones Físiques,"av. Generalitat, 20",43140,431093,La Pobla de Mafumet,Tarragonès,349780,4561096,1.208784,41.18729,https://analisi.transparenciacatalunya.cat/resource/kvmv-ahh4.csv?%24where=nom_comarca%3D%27Tarragon%C3%A8s%27&%24limit=50000&%24order=any%2Ccodi_municipi_6%2Ccodi_centre
2025,43005145,Escola Els Ametllers,Departament d'Educació i Formació Professional,"pg. de l'Estació, 2",43761,431114,La Pobla de Montornès,Tarragonès,367088,4560010,1.415319,41.18054,https://analisi.transparenciacatalunya.cat/resource/kvmv-ahh4.csv?%24where=nom_comarca%3D%27Tarragon%C3%A8s%27&%24limit=50000&%24order=any%2Ccodi_municipi_6%2Ccodi_centre
2025,43010271,Llar d'infants Sol Solet,Corporacions Locals,"av. de Catalunya, 1-3",43761,431114,La Pobla de Montornès,Tarragonès,367098,4559734,1.415497,41.17806,https://analisi.transparenciacatalunya.cat/resource/kvmv-ahh4.csv?%24where=nom_comarca%3D%27Tarragon%C3%A8s%27&%24limit=50000&%24order=any%2Ccodi_municipi_6%2Ccodi_centre
2025,43005157,Escola Montoliu,Departament d'Educació i Formació Professional,"c. Sant Jordi, s/n",43762,431264,La Riera de Gaià,Tarragonès,362146.3,4558801.7,1.356696,41.16884,https://analisi.transparenciacatalunya.cat/resource/kvmv-ahh4.csv?%24where=nom_comarca%3D%27Tarragon%C3%A8s%27&%24limit=50000&%24order=any%2Ccodi_municipi_6%2Ccodi_centre
2025,43010049,Llar d'infants Les Monges,Corporacions Locals,"c. Doctor Pittaluga, 2",43762,431264,La Riera de Gaià,Tarragonès,362554,4558281,1.361676,41.16422,https://analisi.transparenciacatalunya.cat/resource/kvmv-ahh4.csv?%24where=nom_comarca%3D%27Tarragon%C3%A8s%27&%24limit=50000&%24order=any%2Ccodi_municipi_6%2Ccodi_centre
2025,43002776,Escola Salvador Espriu,Departament d'Educació i Formació Professional,"c. de la Font, 3",43883,431310,Roda de Berà,Tarragonès,370155,4560333,1.4518,41.1839,https://analisi.transparenciacatalunya.cat/resource/kvmv-ahh4.csv?%24where=nom_comarca%3D%27Tarragon%C3%A8s%27&%24limit=50000&%24order=any%2Ccodi_municipi_6%2Ccodi_centre
2025,43009928,Llar d'infants Els Petitons,Corporacions Locals,"c. de la Reina Sofía, 17",43883,431310,Roda de Berà,Tarragonès,370699,4560339,1.458288,41.18408,https://analisi.transparenciacatalunya.cat/resource/kvmv-ahh4.csv?%24where=nom_comarca%3D%27Tarragon%C3%A8s%27&%24limit=50000&%24order=any%2Ccodi_municipi_6%2Ccodi_centre
2025,43011194,Escola El Cucurull,Departament d'Educació i Formació Professional,"c. Joan Carles I, 17",43883,431310,Roda de Berà,Tarragonès,370764,4560562,1.459019,41.18611,https://analisi.transparenciacatalunya.cat/resource/kvmv-ahh4.csv?%24where=nom_comarca%3D%27Tarragon%C3%A8s%27&%24limit=50000&%24order=any%2Ccodi_municipi_6%2Ccodi_centre
2025,43011418,Institut Roda de Berà,Departament d'Educació i Formació Professional,"c. de la Font, 3",43883,431310,Roda de Berà,Tarragonès,370169,4560293,1.451985,41.18359,https://analisi.transparenciacatalunya.cat/resource/kvmv-ahh4.csv?%24where=nom_comarca%3D%27Tarragon%C3%A8s%27&%24limit=50000&%24order=any%2Ccodi_municipi_6%2Ccodi_centre
2025,43005662,Escola Josep Nin,Departament d'Educació i Formació Professional,"c. Raval de cal Toni, 9",43885,431359,Salomó,Tarragonès,363531,4565313,1.371742,41.2277,https://analisi.transparenciacatalunya.cat/resource/kvmv-ahh4.csv?%24where=nom_comarca%3D%27Tarragon%C3%A8s%27&%24limit=50000&%24order=any%2Ccodi_municipi_6%2Ccodi_centre
2025,43012678,Llar d'infants El Til·ler,Corporacions Locals,"av. Catalunya, 2",43885,431359,Salomó,Tarragonès,363785,4565460,1.374739,41.229,https://analisi.transparenciacatalunya.cat/resource/kvmv-ahh4.csv?%24where=nom_comarca%3D%27Tarragon%C3%A8s%27&%24limit=50000&%24order=any%2Ccodi_municipi_6%2Ccodi_centre
2025,43003082,Escola Guillem de Claramunt,Departament d'Educació i Formació Professional,"c. Ctra. de Vallmoll, s/n",43765,431444,La Secuita,Tarragonès,355604,4562718,1.277817,41.20296,https://analisi.transparenciacatalunya.cat/resource/kvmv-ahh4.csv?%24where=nom_comarca%3D%27Tarragon%C3%A8s%27&%24limit=50000&%24order=any%2Ccodi_municipi_6%2Ccodi_centre
2025,43012770,Escola Bressol Municipal els Guillemets,Corporacions Locals,"ctra. de Vallmoll, s/n",43765,431444,La Secuita,Tarragonès,355604,4562720,1.277816,41.20298,https://analisi.transparenciacatalunya.cat/resource/kvmv-ahh4.csv?%24where=nom_comarca%3D%27Tarragon%C3%A8s%27&%24limit=50000&%24order=any%2Ccodi_municipi_6%2Ccodi_centre
2025,43003136,Escola Bonavista,Departament d'Educació i Formació Professional,"c. 21, s/n",43100,431482,Tarragona,Tarragonès,348362,4554005,1.193639,41.1231,https://analisi.transparenciacatalunya.cat/resource/kvmv-ahh4.csv?%24where=nom_comarca%3D%27Tarragon%C3%A8s%27&%24limit=50000&%24order=any%2Ccodi_municipi_6%2Ccodi_centre
2025,43003151,Joan XXIII,Fundacions,"c. Catorze, s/n",43100,431482,Tarragona,Tarragonès,352156,4554005,1.238812,41.12389,https://analisi.transparenciacatalunya.cat/resource/kvmv-ahh4.csv?%24where=nom_comarca%3D%27Tarragon%C3%A8s%27&%24limit=50000&%24order=any%2Ccodi_municipi_6%2Ccodi_centre
2025,43003227,Escola Sant Salvador,Departament d'Educació i Formació Professional,"av. de Sant Salvador, 13",43130,431482,Tarragona,Tarragonès,352445,4558107,1.241263,41.16087,https://analisi.transparenciacatalunya.cat/resource/kvmv-ahh4.csv?%24where=nom_comarca%3D%27Tarragon%C3%A8s%27&%24limit=50000&%24order=any%2Ccodi_municipi_6%2Ccodi_centre
2025,43003306,Escola Serrallo,Departament d'Educació i Formació Professional,"c. Xavier Montsalvatge, 8",43004,431482,Tarragona,Tarragonès,352220,4552615,1.239906,41.11138,https://analisi.transparenciacatalunya.cat/resource/kvmv-ahh4.csv?%24where=nom_comarca%3D%27Tarragon%C3%A8s%27&%24limit=50000&%24order=any%2Ccodi_municipi_6%2Ccodi_centre
2025,43003321,Escola Sant Pere i Sant Pau,Departament d'Educació i Formació Professional,"Urb. Sant Pere i Sant Pau, s/n",43007,431482,Tarragona,Tarragonès,353341,4555466,1.252574,41.13726,https://analisi.transparenciacatalunya.cat/resource/kvmv-ahh4.csv?%24where=nom_comarca%3D%27Tarragon%C3%A8s%27&%24limit=50000&%24order=any%2Ccodi_municipi_6%2Ccodi_centre
2025,43003410,Joan Roig,Societats Mercantils,"c. Cristòfor Colom, 9",43001,431482,Tarragona,Tarragonès,352936,4553144,1.248307,41.11628,https://analisi.transparenciacatalunya.cat/resource/kvmv-ahh4.csv?%24where=nom_comarca%3D%27Tarragon%C3%A8s%27&%24limit=50000&%24order=any%2Ccodi_municipi_6%2Ccodi_centre
2025,43003461,Tic-Tac,Ordes i Congregacions Catòlics,"av. Lluís Companys, 12",43005,431482,Tarragona,Tarragonès,352421,4553598,1.242067,41.12027,https://analisi.transparenciacatalunya.cat/resource/kvmv-ahh4.csv?%24where=nom_comarca%3D%27Tarragon%C3%A8s%27&%24limit=50000&%24order=any%2Ccodi_municipi_6%2Ccodi_centre
2025,43003483,Lestonnac-l'Ensenyança,Ordes i Congregacions Catòlics,"c. de l'Arc de Sant Llorenç, 2",43003,431482,Tarragona,Tarragonès,353866,4553483,1.259294,41.1195,https://analisi.transparenciacatalunya.cat/resource/kvmv-ahh4.csv?%24where=nom_comarca%3D%27Tarragon%C3%A8s%27&%24limit=50000&%24order=any%2Ccodi_municipi_6%2Ccodi_centre
2025,43003495,Mare de Déu del Carme,Ordes i Congregacions Catòlics,"av. Estanislau Figueres, 31",43002,431482,Tarragona,Tarragonès,353024,4553375,1.249296,41.11837,https://analisi.transparenciacatalunya.cat/resource/kvmv-ahh4.csv?%24where=nom_comarca%3D%27Tarragon%C3%A8s%27&%24limit=50000&%24order=any%2Ccodi_municipi_6%2Ccodi_centre
2025,43003501,El Carme,Fundacions,"c. del Mar, 17",43004,431482,Tarragona,Tarragonès,352827,4552512,1.247161,41.11057,https://analisi.transparenciacatalunya.cat/resource/kvmv-ahh4.csv?%24where=nom_comarca%3D%27Tarragon%C3%A8s%27&%24limit=50000&%24order=any%2Ccodi_municipi_6%2Ccodi_centre
2025,43003525,Dominiques Tarragona,Fundacions,"c. Rovira i Virgili, 16",43002,431482,Tarragona,Tarragonès,353130,4553443,1.250545,41.119,https://analisi.transparenciacatalunya.cat/resource/kvmv-ahh4.csv?%24where=nom_comarca%3D%27Tarragon%C3%A8s%27&%24limit=50000&%24order=any%2Ccodi_municipi_6%2Ccodi_centre
2025,43003537,La Salle,Ordes i Congregacions Catòlics,"av. Països Catalans, s/n",43007,431482,Tarragona,Tarragonès,352704,4555067,1.245081,41.13355,https://analisi.transparenciacatalunya.cat/resource/kvmv-ahh4.csv?%24where=nom_comarca%3D%27Tarragon%C3%A8s%27&%24limit=50000&%24order=any%2Ccodi_municipi_6%2Ccodi_centre
2025,43003549,Vedruna Tarragona,Fundacions,"c. Santa Joaquima de Vedruna, 10",43002,431482,Tarragona,Tarragonès,352956,4553637,1.248423,41.12072,https://analisi.transparenciacatalunya.cat/resource/kvmv-ahh4.csv?%24where=nom_comarca%3D%27Tarragon%C3%A8s%27&%24limit=50000&%24order=any%2Ccodi_municipi_6%2Ccodi_centre
2025,43003550,Santa Teresa de Jesús,Fundacions,"rbla. Nova, 79",43003,431482,Tarragona,Tarragonès,353201,4553156,1.25146,41.11643,https://analisi.transparenciacatalunya.cat/resource/kvmv-ahh4.csv?%24where=nom_comarca%3D%27Tarragon%C3%A8s%27&%24limit=50000&%24order=any%2Ccodi_municipi_6%2Ccodi_centre
2025,43003586,Sant Pau Apòstol,Fundacions,"pg. Torroja, 1",43007,431482,Tarragona,Tarragonès,353732,4553696,1.257658,41.12139,https://analisi.transparenciacatalunya.cat/resource/kvmv-ahh4.csv?%24where=nom_comarca%3D%27Tarragon%C3%A8s%27&%24limit=50000&%24order=any%2Ccodi_municipi_6%2Ccodi_centre
2025,43003616,CEE San Rafael,Corporacions Locals,"ctra. de Valls, 45",43007,431482,Tarragona,Tarragonès,352419,4554433,1.241841,41.1277,https://analisi.transparenciacatalunya.cat/resource/kvmv-ahh4.csv?%24where=nom_comarca%3D%27Tarragon%C3%A8s%27&%24limit=50000&%24order=any%2Ccodi_municipi_6%2Ccodi_centre
2025,43003631,Estela,Fundacions,"ctra. de Valls, s/n (Zona Educacional)",43007,431482,Tarragona,Tarragonès,352350,4554857,1.240923,41.1316,https://analisi.transparenciacatalunya.cat/resource/kvmv-ahh4.csv?%24where=nom_comarca%3D%27Tarragon%C3%A8s%27&%24limit=50000&%24order=any%2Ccodi_municipi_6%2Ccodi_centre
2025,43003641,Institut Antoni de Martí i Franquès,Departament d'Educació i Formació Professional,"c. Enric d'Ossó, 3",43005,431482,Tarragona,Tarragonès,352359,4553477,1.241352,41.11917,https://analisi.transparenciacatalunya.cat/resource/kvmv-ahh4.csv?%24where=nom_comarca%3D%27Tarragon%C3%A8s%27&%24limit=50000&%24order=any%2Ccodi_municipi_6%2Ccodi_centre
2025,43003653,Institut Comte de Rius,Departament d'Educació i Formació Professional,"ctra. de Valls, s/n (Zona Educacional)",43007,431482,Tarragona,Tarragonès,352693,4555082,1.244945,41.13368,https://analisi.transparenciacatalunya.cat/resource/kvmv-ahh4.csv?%24where=nom_comarca%3D%27Tarragon%C3%A8s%27&%24limit=50000&%24order=any%2Ccodi_municipi_6%2Ccodi_centre
2025,43003690,Escola de Pràctiques,Departament d'Educació i Formació Professional,"ctra. Valls, s/n(Zona Educacional)",43007,431482,Tarragona,Tarragonès,352413,4554889,1.241658,41.13189,https://analisi.transparenciacatalunya.cat/resource/kvmv-ahh4.csv?%24where=nom_comarca%3D%27Tarragon%C3%A8s%27&%24limit=50000&%24order=any%2Ccodi_municipi_6%2Ccodi_centre
2025,43003707,Mare Nostrum,Societats Mercantils,"Camí Nou de la Budellera, s/n",43007,431482,Tarragona,Tarragonès,355920,4554321,1.283554,41.12741,https://analisi.transparenciacatalunya.cat/resource/kvmv-ahh4.csv?%24where=nom_comarca%3D%27Tarragon%C3%A8s%27&%24limit=50000&%24order=any%2Ccodi_municipi_6%2Ccodi_centre
2025,43003719,Espallargas,Societats Mercantils,"c. Castellers, 1-3-5-7-9",43002,431482,Tarragona,Tarragonès,353258,4553689,1.252015,41.12124,https://analisi.transparenciacatalunya.cat/resource/kvmv-ahh4.csv?%24where=nom_comarca%3D%27Tarragon%C3%A8s%27&%24limit=50000&%24order=any%2Ccodi_municipi_6%2Ccodi_centre
2025,43003720,Escola El Miracle,Departament d'Educació i Formació Professional,"pl. del Cardenal Arce Ochotorena, s/n",43003,431482,Tarragona,Tarragonès,353913,4552976,1.259978,41.11494,https://analisi.transparenciacatalunya.cat/resource/kvmv-ahh4.csv?%24where=nom_comarca%3D%27Tarragon%C3%A8s%27&%24limit=50000&%24order=any%2Ccodi_municipi_6%2Ccodi_centre
2025,43003732,Institut Pons d'Icart,Departament d'Educació i Formació Professional,"Rambla Vella, 30 B",43003,431482,Tarragona,Tarragonès,353322,4553245,1.25288,41.1172,https://analisi.transparenciacatalunya.cat/resource/kvmv-ahh4.csv?%24where=nom_comarca%3D%27Tarragon%C3%A8s%27&%24limit=50000&%24order=any%2Ccodi_municipi_6%2Ccodi_centre
2025,43003756,Escola Torreforta,Departament d'Educació i Formació Professional,"c. Tortosa, 49",43006,431482,Tarragona,Tarragonès,350331,4553678,1.217168,41.1206,https://analisi.transparenciacatalunya.cat/resource/kvmv-ahh4.csv?%24where=nom_comarca%3D%27Tarragon%C3%A8s%27&%24limit=50000&%24order=any%2Ccodi_municipi_6%2Ccodi_centre
2025,43003768,Escola Els Àngels,Departament d'Educació i Formació Professional,"c. Menorca, 24",43006,431482,Tarragona,Tarragonès,349915,4553806,1.212182,41.12168,https://analisi.transparenciacatalunya.cat/resource/kvmv-ahh4.csv?%24where=nom_comarca%3D%27Tarragon%C3%A8s%27&%24limit=50000&%24order=any%2Ccodi_municipi_6%2Ccodi_centre
2025,43003793,La Salle Torreforta,Ordes i Congregacions Catòlics,"c. Sant Benilde, 15",43006,431482,Tarragona,Tarragonès,349984,4553600,1.213055,41.11984,https://analisi.transparenciacatalunya.cat/resource/kvmv-ahh4.csv?%24where=nom_comarca%3D%27Tarragon%C3%A8s%27&%24limit=50000&%24order=any%2Ccodi_municipi_6%2Ccodi_centre
2025,43005169,Escola Pau Delclòs,Departament d'Educació i Formació Professional,"c. Méndez Núñez, 14",43004,431482,Tarragona,Tarragonès,353290,4552921,1.252575,41.11433,https://analisi.transparenciacatalunya.cat/resource/kvmv-ahh4.csv?%24where=nom_comarca%3D%27Tarragon%C3%A8s%27&%24limit=50000&%24order=any%2Ccodi_municipi_6%2Ccodi_centre
2025,43005170,Escola La Floresta,Departament d'Educació i Formació Professional,Urbanització la Floresta,43006,431482,Tarragona,Tarragonès,350037,4554243,1.213524,41.12564,https://analisi.transparenciacatalunya.cat/resource/kvmv-ahh4.csv?%24where=nom_comarca%3D%27Tarragon%C3%A8s%27&%24limit=50000&%24order=any%2Ccodi_municipi_6%2Ccodi_centre
2025,43005686,Escola Riu Clar,Departament d'Educació i Formació Professional,"Urbanització Riu Clar, s/n",43006,431482,Tarragona,Tarragonès,351015,4553592,1.225327,41.11996,https://analisi.transparenciacatalunya.cat/resource/kvmv-ahh4.csv?%24where=nom_comarca%3D%27Tarragon%C3%A8s%27&%24limit=50000&%24order=any%2Ccodi_municipi_6%2Ccodi_centre
2025,43005704,Institut Francesc Vidal i Barraquer,Departament d'Educació i Formació Professional,"av. Lluís Companys, 1",43005,431482,Tarragona,Tarragonès,352583,4553562,1.244006,41.11998,https://analisi.transparenciacatalunya.cat/resource/kvmv-ahh4.csv?%24where=nom_comarca%3D%27Tarragon%C3%A8s%27&%24limit=50000&%24order=any%2Ccodi_municipi_6%2Ccodi_centre
2025,43005731,La Muntanyeta,Fundacions,c.Muntanyeta S.Pere/ctra. Pallaresos Km1,43007,431482,Tarragona,Tarragonès,353208,4554896,1.251126,41.1321,https://analisi.transparenciacatalunya.cat/resource/kvmv-ahh4.csv?%24where=nom_comarca%3D%27Tarragon%C3%A8s%27&%24limit=50000&%24order=any%2Ccodi_municipi_6%2Ccodi_centre
2025,43005911,Escola Campclar,Departament d'Educació i Formació Professional,"Urbanització Verge del Pilar, s/n",43006,431482,Tarragona,Tarragonès,349858,4553178,1.211658,41.116,https://analisi.transparenciacatalunya.cat/resource/kvmv-ahh4.csv?%24where=nom_comarca%3D%27Tarragon%C3%A8s%27&%24limit=50000&%24order=any%2Ccodi_municipi_6%2Ccodi_centre
2025,43005959,Escola Cèsar August,Departament d'Educació i Formació Professional,"c. Joan Bta. Plana, 9",43005,431482,Tarragona,Tarragonès,352071,4553661,1.237886,41.12078,https://analisi.transparenciacatalunya.cat/resource/kvmv-ahh4.csv?%24where=nom_comarca%3D%27Tarragon%C3%A8s%27&%24limit=50000&%24order=any%2Ccodi_municipi_6%2Ccodi_centre
2025,43006125,Institut Campclar,Departament d'Educació i Formació Professional,"Rambla de Ponent, 66",43006,431482,Tarragona,Tarragonès,349824,4554058,1.211034,41.1239,https://analisi.transparenciacatalunya.cat/resource/kvmv-ahh4.csv?%24where=nom_comarca%3D%27Tarragon%C3%A8s%27&%24limit=50000&%24order=any%2Ccodi_municipi_6%2Ccodi_centre
2025,43006162,Solc,Cooperatives,"c. Apodaca, 3",43004,431482,Tarragona,Tarragonès,353131,4552761,1.250715,41.11286,https://analisi.transparenciacatalunya.cat/resource/kvmv-ahh4.csv?%24where=nom_comarca%3D%27Tarragon%C3%A8s%27&%24limit=50000&%24order=any%2Ccodi_municipi_6%2Ccodi_centre
2025,43006253,EASD de Tarragona,Corporacions Locals,"ctra.de Valls, s/n,Zona Educacional",43007,431482,Tarragona,Tarragonès,352436,4554860,1.241948,41.13163,https://analisi.transparenciacatalunya.cat/resource/kvmv-ahh4.csv?%24where=nom_comarca%3D%27Tarragon%C3%A8s%27&%24limit=50000&%24order=any%2Ccodi_municipi_6%2Ccodi_centre
2025,43006265,Escola de Dansa Artemis,Persones Físiques,"ptge. Cobos, 5-7",43001,431482,Tarragona,Tarragonès,350809,4552867,1.22305,41.1134,https://analisi.transparenciacatalunya.cat/resource/kvmv-ahh4.csv?%24where=nom_comarca%3D%27Tarragon%C3%A8s%27&%24limit=50000&%24order=any%2Ccodi_municipi_6%2Ccodi_centre
2025,43006277,Cons. de Música de Tarragona,Corporacions Locals,"c. Cavallers, 10",43003,431482,Tarragona,Tarragonès,353577,4553290,1.255909,41.11771,https://analisi.transparenciacatalunya.cat/resource/kvmv-ahh4.csv?%24where=nom_comarca%3D%27Tarragon%C3%A8s%27&%24limit=50000&%24order=any%2Ccodi_municipi_6%2Ccodi_centre
2025,43006563,Escola Marcel·lí Domingo,Departament d'Educació i Formació Professional,ctra. Pallaresos (Ub. S. Pere i S.Pau),43007,431482,Tarragona,Tarragonès,352916,4555669,1.247461,41.13901,https://analisi.transparenciacatalunya.cat/resource/kvmv-ahh4.csv?%24where=nom_comarca%3D%27Tarragon%C3%A8s%27&%24limit=50000&%24order=any%2Ccodi_municipi_6%2Ccodi_centre
2025,43006630,Institut Pere Martell,Departament d'Educació i Formació Professional,"Autovia de Salou, s/n",43006,431482,Tarragona,Tarragonès,348824,4551750,1.1997,41.10297,https://analisi.transparenciacatalunya.cat/resource/kvmv-ahh4.csv?%24where=nom_comarca%3D%27Tarragon%C3%A8s%27&%24limit=50000&%24order=any%2Ccodi_municipi_6%2Ccodi_centre
2025,43006940,EOI de Tarragona,Departament d'Educació i Formació Professional,"C. Smith, 55",43001,431482,Tarragona,Tarragonès,352705,4552667,1.24567,41.11194,https://analisi.transparenciacatalunya.cat/resource/kvmv-ahh4.csv?%24where=nom_comarca%3D%27Tarragon%C3%A8s%27&%24limit=50000&%24order=any%2Ccodi_municipi_6%2Ccodi_centre
2025,43007051,CFA Josepa Massanés i Dalmau,Departament d'Educació i Formació Professional,"c. Fra Antoni Cardona i Grau, s/n",43002,431482,Tarragona,Tarragonès,353472,4553799,1.254537,41.12227,https://analisi.transparenciacatalunya.cat/resource/kvmv-ahh4.csv?%24where=nom_comarca%3D%27Tarragon%C3%A8s%27&%24limit=50000&%24order=any%2Ccodi_municipi_6%2Ccodi_centre
2025,43007117,Escola Pax,Departament d'Educació i Formació Professional,"av. Josep Gramunt i Subiela, 55-57",43007,431482,Tarragona,Tarragonès,352969,4554166,1.248459,41.12548,https://analisi.transparenciacatalunya.cat/resource/kvmv-ahh4.csv?%24where=nom_comarca%3D%27Tarragon%C3%A8s%27&%24limit=50000&%24order=any%2Ccodi_municipi_6%2Ccodi_centre
2025,43007713,Llar d'infants El Ninot,Corporacions Locals,"c. Riu Onyar, s/n (Campclar)",43006,431482,Tarragona,Tarragonès,349607,4553167,1.208669,41.11587,https://analisi.transparenciacatalunya.cat/resource/kvmv-ahh4.csv?%24where=nom_comarca%3D%27Tarragon%C3%A8s%27&%24limit=50000&%24order=any%2Ccodi_municipi_6%2Ccodi_centre
2025,43007725,Llar d'infants La Taronja,Corporacions Locals,"c. Riu Llobregat, s/n (Campclar)",43006,431482,Tarragona,Tarragonès,348880,4553180,1.200011,41.11586,https://analisi.transparenciacatalunya.cat/resource/kvmv-ahh4.csv?%24where=nom_comarca%3D%27Tarragon%C3%A8s%27&%24limit=50000&%24order=any%2Ccodi_municipi_6%2Ccodi_centre
2025,43007853,Llar d'infants La Baldufa,Departament d'Educació i Formació Professional,"ctra. de València, s/n(barri del Pilar)",43006,431482,Tarragona,Tarragonès,349968,4553177,1.212958,41.11603,https://analisi.transparenciacatalunya.cat/resource/kvmv-ahh4.csv?%24where=nom_comarca%3D%27Tarragon%C3%A8s%27&%24limit=50000&%24order=any%2Ccodi_municipi_6%2Ccodi_centre
2025,43007981,Bao Bab,Cooperatives,"Via Augusta, 34",43003,431482,Tarragona,Tarragonès,354019,4553149,1.261204,41.11651,https://analisi.transparenciacatalunya.cat/resource/kvmv-ahh4.csv?%24where=nom_comarca%3D%27Tarragon%C3%A8s%27&%24limit=50000&%24order=any%2Ccodi_municipi_6%2Ccodi_centre
2025,43008390,Institut Torreforta,Departament d'Educació i Formació Professional,"c. Móra d'Ebre, s/n",43006,431482,Tarragona,Tarragonès,350221,4553930,1.215789,41.12286,https://analisi.transparenciacatalunya.cat/resource/kvmv-ahh4.csv?%24where=nom_comarca%3D%27Tarragon%C3%A8s%27&%24limit=50000&%24order=any%2Ccodi_municipi_6%2Ccodi_centre
2025,43008432,Institut Sant Pere i Sant Pau,Departament d'Educació i Formació Professional,"c. de l'Institut, s/n",43007,431482,Tarragona,Tarragonès,352899,4555748,1.247248,41.1397,https://analisi.transparenciacatalunya.cat/resource/kvmv-ahh4.csv?%24where=nom_comarca%3D%27Tarragon%C3%A8s%27&%24limit=50000&%24order=any%2Ccodi_municipi_6%2Ccodi_centre
2025,43008501,Institut Pont del Diable,Departament d'Educació i Formació Professional,"av. de Sant Salvador, 17-A",43130,431482,Tarragona,Tarragonès,352436,4557816,1.241227,41.15825,https://analisi.transparenciacatalunya.cat/resource/kvmv-ahh4.csv?%24where=nom_comarca%3D%27Tarragon%C3%A8s%27&%24limit=50000&%24order=any%2Ccodi_municipi_6%2Ccodi_centre
2025,43008560,Àngel de la Guarda,Societats Civils,"c. Prat de la Riba, 18",43001,431482,Tarragona,Tarragonès,352796,4553109,1.246647,41.1159,https://analisi.transparenciacatalunya.cat/resource/kvmv-ahh4.csv?%24where=nom_comarca%3D%27Tarragon%C3%A8s%27&%24limit=50000&%24order=any%2Ccodi_municipi_6%2Ccodi_centre
2025,43008687,LLI privada Yo-Ni,Societats Mercantils,"c. Rovira i Virgili, 54",43007,431482,Tarragona,Tarragonès,353311,4553992,1.252566,41.12398,https://analisi.transparenciacatalunya.cat/resource/kvmv-ahh4.csv?%24where=nom_comarca%3D%27Tarragon%C3%A8s%27&%24limit=50000&%24order=any%2Ccodi_municipi_6%2Ccodi_centre
2025,43008729,CFA Tarragona,Departament d'Educació i Formació Professional,"Perllongació carrer B,s/n(Barri Riu Clar",43006,431482,Tarragona,Tarragonès,350729,4553583,1.221924,41.11983,https://analisi.transparenciacatalunya.cat/resource/kvmv-ahh4.csv?%24where=nom_comarca%3D%27Tarragon%C3%A8s%27&%24limit=50000&%24order=any%2Ccodi_municipi_6%2Ccodi_centre
2025,43008766,Esc. de Música Municipal,Corporacions Locals,"c. Armanyà, 10",43003,431482,Tarragona,Tarragonès,353334,4552914,1.253097,41.11428,https://analisi.transparenciacatalunya.cat/resource/kvmv-ahh4.csv?%24where=nom_comarca%3D%27Tarragon%C3%A8s%27&%24limit=50000&%24order=any%2Ccodi_municipi_6%2Ccodi_centre
2025,43008778,CFA Fòrum,Corporacions Locals,"av. Ramon i Cajal, 70",43001,431482,Tarragona,Tarragonès,352405,4553119,1.242008,41.11599,https://analisi.transparenciacatalunya.cat/resource/kvmv-ahh4.csv?%24where=nom_comarca%3D%27Tarragon%C3%A8s%27&%24limit=50000&%24order=any%2Ccodi_municipi_6%2Ccodi_centre
2025,43008791,Esc. de Música de la Diputació de Tarragona,Corporacions Locals,"c. Cavallers, 10",43003,431482,Tarragona,Tarragonès,353579,4553290,1.255924,41.1177,https://analisi.transparenciacatalunya.cat/resource/kvmv-ahh4.csv?%24where=nom_comarca%3D%27Tarragon%C3%A8s%27&%24limit=50000&%24order=any%2Ccodi_municipi_6%2Ccodi_centre
2025,43009175,L'Alba i La Cigonya,Societats Mercantils,"c. Reding, 6",43001,431482,Tarragona,Tarragonès,353144,4552953,1.250831,41.11459,https://analisi.transparenciacatalunya.cat/resource/kvmv-ahh4.csv?%24where=nom_comarca%3D%27Tarragon%C3%A8s%27&%24limit=50000&%24order=any%2Ccodi_municipi_6%2Ccodi_centre
2025,43009230,Escola Tarragona,Departament d'Educació i Formació Professional,"c. Guillem Oliver, 3",43005,431482,Tarragona,Tarragonès,352028,4554319,1.237208,41.12669,https://analisi.transparenciacatalunya.cat/resource/kvmv-ahh4.csv?%24where=nom_comarca%3D%27Tarragon%C3%A8s%27&%24limit=50000&%24order=any%2Ccodi_municipi_6%2Ccodi_centre
2025,43009369,Escola Saavedra,Departament d'Educació i Formació Professional,"Via de l'Imperi, 1",43003,431482,Tarragona,Tarragonès,353320,4553293,1.252848,41.11769,https://analisi.transparenciacatalunya.cat/resource/kvmv-ahh4.csv?%24where=nom_comarca%3D%27Tarragon%C3%A8s%27&%24limit=50000&%24order=any%2Ccodi_municipi_6%2Ccodi_centre
2025,43009539,LLI privada Baobad-rosa,Cooperatives,"Via Augusta, 74",43003,431482,Tarragona,Tarragonès,354644,4553403,1.268586,41.11891,https://analisi.transparenciacatalunya.cat/resource/kvmv-ahh4.csv?%24where=nom_comarca%3D%27Tarragon%C3%A8s%27&%24limit=50000&%24order=any%2Ccodi_municipi_6%2Ccodi_centre
2025,43009576,Esc. de Música Estudi de Música,Cooperatives,"c. Sant Francesc, 4",43003,431482,Tarragona,Tarragonès,353384.7,4553191.9,1.253638,41.11679,https://analisi.transparenciacatalunya.cat/resource/kvmv-ahh4.csv?%24where=nom_comarca%3D%27Tarragon%C3%A8s%27&%24limit=50000&%24order=any%2Ccodi_municipi_6%2Ccodi_centre
2025,43009722,Institut Cal·lípolis,Departament d'Educació i Formació Professional,"Autovia de Salou, s/n",43006,431482,Tarragona,Tarragonès,348963,4551488,1.201415,41.10064,https://analisi.transparenciacatalunya.cat/resource/kvmv-ahh4.csv?%24where=nom_comarca%3D%27Tarragon%C3%A8s%27&%24limit=50000&%24order=any%2Ccodi_municipi_6%2Ccodi_centre
2025,43010256,Llar d'infants El Serrallo,Corporacions Locals,"Barri del Serrallo, s/n",43003,431482,Tarragona,Tarragonès,352222,4552614,1.239933,41.11138,https://analisi.transparenciacatalunya.cat/resource/kvmv-ahh4.csv?%24where=nom_comarca%3D%27Tarragon%C3%A8s%27&%24limit=50000&%24order=any%2Ccodi_municipi_6%2Ccodi_centre
2025,43010281,LLI privada El Bosquet,Societats Mercantils,"urb. Els Pinars, 45",43007,431482,Tarragona,Tarragonès,356971,4555342,1.295834,41.13679,https://analisi.transparenciacatalunya.cat/resource/kvmv-ahh4.csv?%24where=nom_comarca%3D%27Tarragon%C3%A8s%27&%24limit=50000&%24order=any%2Ccodi_municipi_6%2Ccodi_centre
2025,43010396,Escola de Ponent,Departament d'Educació i Formació Professional,"av. del President Tarradellas, s/n",43006,431482,Tarragona,Tarragonès,349464,4553525,1.206878,41.11907,https://analisi.transparenciacatalunya.cat/resource/kvmv-ahh4.csv?%24where=nom_comarca%3D%27Tarragon%C3%A8s%27&%24limit=50000&%24order=any%2Ccodi_municipi_6%2Ccodi_centre
2025,43010438,Llar d'infants El Miracle,Corporacions Locals,"pl. Cardenal Arce Ochotorena, s/n",43003,431482,Tarragona,Tarragonès,353915,4552977,1.260007,41.11495,https://analisi.transparenciacatalunya.cat/resource/kvmv-ahh4.csv?%24where=nom_comarca%3D%27Tarragon%C3%A8s%27&%24limit=50000&%24order=any%2Ccodi_municipi_6%2Ccodi_centre
2025,43010700,CASASFORMACIÓN.ES,Societats Mercantils,"c. Dr. Zamenhoff, 3 bxs.",43001,431482,Tarragona,Tarragonès,352849,4552772,1.24736,41.11291,https://analisi.transparenciacatalunya.cat/resource/kvmv-ahh4.csv?%24where=nom_comarca%3D%27Tarragon%C3%A8s%27&%24limit=50000&%24order=any%2Ccodi_municipi_6%2Ccodi_centre
2025,43010955,Llar d'infants Sant Pere i Sant Pau,Corporacions Locals,rbla. de Sant Pere i Sant Pau,43004,431482,Tarragona,Tarragonès,353435,4555563,1.253671,41.13815,https://analisi.transparenciacatalunya.cat/resource/kvmv-ahh4.csv?%24where=nom_comarca%3D%27Tarragon%C3%A8s%27&%24limit=50000&%24order=any%2Ccodi_municipi_6%2Ccodi_centre
2025,43010979,Llar d'infants Sant Salvador,Corporacions Locals,"av. Sant Salvador, 13",43130,431482,Tarragona,Tarragonès,352452,4558153,1.241338,41.16129,https://analisi.transparenciacatalunya.cat/resource/kvmv-ahh4.csv?%24where=nom_comarca%3D%27Tarragon%C3%A8s%27&%24limit=50000&%24order=any%2Ccodi_municipi_6%2Ccodi_centre
2025,43011479,Institut Tarragona,Departament d'Educació i Formació Professional,"pl. de la Imperial Tarraco, 1",43003,431482,Tarragona,Tarragonès,352770,4553485,1.246252,41.11932,https://analisi.transparenciacatalunya.cat/resource/kvmv-ahh4.csv?%24where=nom_comarca%3D%27Tarragon%C3%A8s%27&%24limit=50000&%24order=any%2Ccodi_municipi_6%2Ccodi_centre
2025,43011561,Llar d'infants L'Arrabassada,Corporacions Locals,"c. Internet, s/n",43001,431482,Tarragona,Tarragonès,354395,4553795,1.265523,41.1224,https://analisi.transparenciacatalunya.cat/resource/kvmv-ahh4.csv?%24where=nom_comarca%3D%27Tarragon%C3%A8s%27&%24limit=50000&%24order=any%2Ccodi_municipi_6%2Ccodi_centre
2025,43012125,Novatècnica,Societats Mercantils,"c. Francolí, 52-54, baixos",43006,431482,Tarragona,Tarragonès,350550,4553503,1.21981,41.11907,https://analisi.transparenciacatalunya.cat/resource/kvmv-ahh4.csv?%24where=nom_comarca%3D%27Tarragon%C3%A8s%27&%24limit=50000&%24order=any%2Ccodi_municipi_6%2Ccodi_centre
2025,43012162,Llar d'infants Bonavista,Corporacions Locals,"c. Vint-i-u, s/n",43100,431482,Tarragona,Tarragonès,348460,4553876,1.194832,41.12205,https://analisi.transparenciacatalunya.cat/resource/kvmv-ahh4.csv?%24where=nom_comarca%3D%27Tarragon%C3%A8s%27&%24limit=50000&%24order=any%2Ccodi_municipi_6%2Ccodi_centre
2025,43012216,Llar d'infants Cèsar August,Corporacions Locals,"c. Joan Baptista Plana, 9",43005,431482,Tarragona,Tarragonès,352072,4553658,1.237902,41.12074,https://analisi.transparenciacatalunya.cat/resource/kvmv-ahh4.csv?%24where=nom_comarca%3D%27Tarragon%C3%A8s%27&%24limit=50000&%24order=any%2Ccodi_municipi_6%2Ccodi_centre
2025,43012447,Bettatur,Societats Mercantils,"Via de l'Imperi Romà, 11",43001,431482,Tarragona,Tarragonès,353394,4553301,1.253728,41.11777,https://analisi.transparenciacatalunya.cat/resource/kvmv-ahh4.csv?%24where=nom_comarca%3D%27Tarragon%C3%A8s%27&%24limit=50000&%24order=any%2Ccodi_municipi_6%2Ccodi_centre
2025,43012629,Aula Magna,Societats Mercantils,"av. República Argentina, 11",43007,431482,Tarragona,Tarragonès,352484,4553826,1.24276,41.1223,https://analisi.transparenciacatalunya.cat/resource/kvmv-ahh4.csv?%24where=nom_comarca%3D%27Tarragon%C3%A8s%27&%24limit=50000&%24order=any%2Ccodi_municipi_6%2Ccodi_centre
2025,43012642,LLI privada Xino-Xano Joan XXIII,Societats Mercantils,"c. Arquebisbe Josep Pont i Gol, 19",43005,431482,Tarragona,Tarragonès,351874,4554379,1.23536,41.1272,https://analisi.transparenciacatalunya.cat/resource/kvmv-ahh4.csv?%24where=nom_comarca%3D%27Tarragon%C3%A8s%27&%24limit=50000&%24order=any%2Ccodi_municipi_6%2Ccodi_centre
2025,43012708,CEOP,Societats Mercantils,"av. Roma, 5C, 1-2",43005,431482,Tarragona,Tarragonès,352473,4553433,1.24272,41.1188,https://analisi.transparenciacatalunya.cat/resource/kvmv-ahh4.csv?%24where=nom_comarca%3D%27Tarragon%C3%A8s%27&%24limit=50000&%24order=any%2Ccodi_municipi_6%2Ccodi_centre
2025,43012897,AFENTD,Associacions,"c. Sant Benilde, 15",43006,431482,Tarragona,Tarragonès,349987,4553601,1.213089,41.11985,https://analisi.transparenciacatalunya.cat/resource/kvmv-ahh4.csv?%24where=nom_comarca%3D%27Tarragon%C3%A8s%27&%24limit=50000&%24order=any%2Ccodi_municipi_6%2Ccodi_centre
2025,43012939,Òrgan Gestor del Complex Educatiu de Tarragona,Departament d'Educació i Formació Professional,"ctra. de Salou, s/n",43004,431482,Tarragona,Tarragonès,349019,4551666,1.20204,41.10225,https://analisi.transparenciacatalunya.cat/resource/kvmv-ahh4.csv?%24where=nom_comarca%3D%27Tarragon%C3%A8s%27&%24limit=50000&%24order=any%2Ccodi_municipi_6%2Ccodi_centre
2025,43012976,Institut Escola Mediterrani,Departament d'Educació i Formació Professional,"c. Riu Ter, s/n",43001,431482,Tarragona,Tarragonès,349017,4553148,1.201649,41.11559,https://analisi.transparenciacatalunya.cat/resource/kvmv-ahh4.csv?%24where=nom_comarca%3D%27Tarragon%C3%A8s%27&%24limit=50000&%24order=any%2Ccodi_municipi_6%2Ccodi_centre
2025,43013002,HDA Hospital de Dia de Tarragona - HDA,Altres Departaments,"av. Vidal i Barraquer, 27,esc.9,local 2",43001,431482,Tarragona,Tarragonès,352347,4552782,1.241382,41.1129,https://analisi.transparenciacatalunya.cat/resource/kvmv-ahh4.csv?%24where=nom_comarca%3D%27Tarragon%C3%A8s%27&%24limit=50000&%24order=any%2Ccodi_municipi_6%2Ccodi_centre
2025,43013063,LLI privada Teresianes-Jaycar,Fundacions,"c. d'Ixart, 10",43003,431482,Tarragona,Tarragonès,353198,4553258,1.251397,41.11735,https://analisi.transparenciacatalunya.cat/resource/kvmv-ahh4.csv?%24where=nom_comarca%3D%27Tarragon%C3%A8s%27&%24limit=50000&%24order=any%2Ccodi_municipi_6%2Ccodi_centre
2025,43013166,Centre de Formació CBS,Societats Mercantils,"c. Ventallols, 5",43003,431482,Tarragona,Tarragonès,353784,4553261,1.258375,41.11747,https://analisi.transparenciacatalunya.cat/resource/kvmv-ahh4.csv?%24where=nom_comarca%3D%27Tarragon%C3%A8s%27&%24limit=50000&%24order=any%2Ccodi_municipi_6%2Ccodi_centre
2025,43013191,Institut Escola L'Arrabassada,Departament d'Educació i Formació Professional,"c. Mercè Rodoreda, s/n",43001,431482,Tarragona,Tarragonès,354961,4553889,1.272123,41.12333,https://analisi.transparenciacatalunya.cat/resource/kvmv-ahh4.csv?%24where=nom_comarca%3D%27Tarragon%C3%A8s%27&%24limit=50000&%24order=any%2Ccodi_municipi_6%2Ccodi_centre
2025,43013233,Ilerna Tarragona,Societats Mercantils,"c. Joan Serra i Vilaró, 7",43007,431482,Tarragona,Tarragonès,352603,4554537,1.244009,41.1287,https://analisi.transparenciacatalunya.cat/resource/kvmv-ahh4.csv?%24where=nom_comarca%3D%27Tarragon%C3%A8s%27&%24limit=50000&%24order=any%2Ccodi_municipi_6%2Ccodi_centre
2025,43013270,Vedruna Dansa,Fundacions,"c. Santa Joaquima Vedruna, 10",43001,431482,Tarragona,Tarragonès,352956,4553637,1.248423,41.12072,https://analisi.transparenciacatalunya.cat/resource/kvmv-ahh4.csv?%24where=nom_comarca%3D%27Tarragon%C3%A8s%27&%24limit=50000&%24order=any%2Ccodi_municipi_6%2Ccodi_centre
2025,43013361,Llar d'infants Baobab-Lestonnac,Ordes i Congregacions Catòlics,"c. Joan Fuster i Ort, 24-26",43007,431482,Tarragona,Tarragonès,354662.171,4553729.155,1.26872,41.12186,https://analisi.transparenciacatalunya.cat/resource/kvmv-ahh4.csv?%24where=nom_comarca%3D%27Tarragon%C3%A8s%27&%24limit=50000&%24order=any%2Ccodi_municipi_6%2Ccodi_centre
2025,43003884,Escola Antoni Roig,Departament d'Educació i Formació Professional,av. Sant Jordi. núm. 1(ap.correus 142),43830,431536,Torredembarra,Tarragonès,365347,4556266,1.395397,41.14654,https://analisi.transparenciacatalunya.cat/resource/kvmv-ahh4.csv?%24where=nom_comarca%3D%27Tarragon%C3%A8s%27&%24limit=50000&%24order=any%2Ccodi_municipi_6%2Ccodi_centre
2025,43006851,Escola Molí de Vent,Departament d'Educació i Formació Professional,"c. de les Escoles, 13-15",43830,431536,Torredembarra,Tarragonès,365952,4556493,1.402552,41.14868,https://analisi.transparenciacatalunya.cat/resource/kvmv-ahh4.csv?%24where=nom_comarca%3D%27Tarragon%C3%A8s%27&%24limit=50000&%24order=any%2Ccodi_municipi_6%2Ccodi_centre
2025,43006952,Institut Torredembarra,Departament d'Educació i Formació Professional,"av. de Sant Jordi, 62-64",43830,431536,Torredembarra,Tarragonès,365836,4556684,1.401123,41.15039,https://analisi.transparenciacatalunya.cat/resource/kvmv-ahh4.csv?%24where=nom_comarca%3D%27Tarragon%C3%A8s%27&%24limit=50000&%24order=any%2Ccodi_municipi_6%2Ccodi_centre
2025,43007661,Institut Ramon de la Torre,Departament d'Educació i Formació Professional,"c. Camí del Moro, 28-40",43830,431536,Torredembarra,Tarragonès,366827,4556655,1.412938,41.15029,https://analisi.transparenciacatalunya.cat/resource/kvmv-ahh4.csv?%24where=nom_comarca%3D%27Tarragon%C3%A8s%27&%24limit=50000&%24order=any%2Ccodi_municipi_6%2Ccodi_centre
2025,43009242,Escola L'Antina,Departament d'Educació i Formació Professional,"pg. Miramar, 190-200",43830,431536,Torredembarra,Tarragonès,366888,4556299,1.413737,41.147,https://analisi.transparenciacatalunya.cat/resource/kvmv-ahh4.csv?%24where=nom_comarca%3D%27Tarragon%C3%A8s%27&%24limit=50000&%24order=any%2Ccodi_municipi_6%2Ccodi_centre
2025,43009643,Llar d'infants El Cirerer,Corporacions Locals,"c. Camí de l'Era, 52-54",43830,431536,Torredembarra,Tarragonès,365722,4556295,1.399853,41.14686,https://analisi.transparenciacatalunya.cat/resource/kvmv-ahh4.csv?%24where=nom_comarca%3D%27Tarragon%C3%A8s%27&%24limit=50000&%24order=any%2Ccodi_municipi_6%2Ccodi_centre
2025,43009746,Esc. de Música Municipal de Torredembarra,Corporacions Locals,"c. Alt de Sant Pere, 35",43830,431536,Torredembarra,Tarragonès,365666,4556176,1.399213,41.14578,https://analisi.transparenciacatalunya.cat/resource/kvmv-ahh4.csv?%24where=nom_comarca%3D%27Tarragon%C3%A8s%27&%24limit=50000&%24order=any%2Ccodi_municipi_6%2Ccodi_centre
2025,43010918,Escola de Dansa Centrescènic,Societats Civils,"c. Eduard Benot, 11/c. Carnisseria, 9",43830,431536,Torredembarra,Tarragonès,365417,4556126,1.396259,41.14529,https://analisi.transparenciacatalunya.cat/resource/kvmv-ahh4.csv?%24where=nom_comarca%3D%27Tarragon%C3%A8s%27&%24limit=50000&%24order=any%2Ccodi_municipi_6%2Ccodi_centre
2025,43011650,EB privada La Casa de les Fades,Societats Mercantils,"c.Joaquim Torres Ibern, 7 local I",43830,431536,Torredembarra,Tarragonès,366986,4556512,1.414861,41.14902,https://analisi.transparenciacatalunya.cat/resource/kvmv-ahh4.csv?%24where=nom_comarca%3D%27Tarragon%C3%A8s%27&%24limit=50000&%24order=any%2Ccodi_municipi_6%2Ccodi_centre
2025,43012253,Llar d'infants Els Gegants de la Torre,Corporacions Locals,"c. de les Escoles, s/n",43830,431536,Torredembarra,Tarragonès,365905,4556614,1.401966,41.14976,https://analisi.transparenciacatalunya.cat/resource/kvmv-ahh4.csv?%24where=nom_comarca%3D%27Tarragon%C3%A8s%27&%24limit=50000&%24order=any%2Ccodi_municipi_6%2Ccodi_centre
2025,43012794,Centre d'Estudis Eqüestres Torredembarra,Societats Mercantils,"ctra. La Riera, s/n",43830,431536,Torredembarra,Tarragonès,365027,4556453,1.391536,41.14817,https://analisi.transparenciacatalunya.cat/resource/kvmv-ahh4.csv?%24where=nom_comarca%3D%27Tarragon%C3%A8s%27&%24limit=50000&%24order=any%2Ccodi_municipi_6%2Ccodi_centre
2025,43004864,Escola Pere Virgili,Departament d'Educació i Formació Professional,"pl. de la Pau, s/n",43141,431665,Vilallonga del Camp,Tarragonès,349376,4563695,1.203324,41.21062,https://analisi.transparenciacatalunya.cat/resource/kvmv-ahh4.csv?%24where=nom_comarca%3D%27Tarragon%C3%A8s%27&%24limit=50000&%24order=any%2Ccodi_municipi_6%2Ccodi_centre
2025,43010104,Llar d'infants Patufet,Corporacions Locals,rbla. Mare de Déu del Roser/pl.de la Pau,43141,431665,Vilallonga del Camp,Tarragonès,349419,4563658,1.203848,41.21029,https://analisi.transparenciacatalunya.cat/resource/kvmv-ahh4.csv?%24where=nom_comarca%3D%27Tarragon%C3%A8s%27&%24limit=50000&%24order=any%2Ccodi_municipi_6%2Ccodi_centre
2025,43004979,Escola Torroja i Miret,Departament d'Educació i Formació Professional,"c. Tarragona, 9",43480,431711,Vila-seca,Tarragonès,344484,4552650,1.147806,41.11026,https://analisi.transparenciacatalunya.cat/resource/kvmv-ahh4.csv?%24where=nom_comarca%3D%27Tarragon%C3%A8s%27&%24limit=50000&%24order=any%2Ccodi_municipi_6%2Ccodi_centre
2025,43005005,Escola Sant Bernat Calvó,Departament d'Educació i Formació Professional,"c. Requet de Fèlix, 22",43480,431711,Vila-seca,Tarragonès,344491,4552805,1.147857,41.11165,https://analisi.transparenciacatalunya.cat/resource/kvmv-ahh4.csv?%24where=nom_comarca%3D%27Tarragon%C3%A8s%27&%24limit=50000&%24order=any%2Ccodi_municipi_6%2Ccodi_centre
2025,43005947,Escola Cal·lípolis,Departament d'Educació i Formació Professional,"c. Alfredo Kraus, 22",43481,431711,Vila-seca,Tarragonès,347047,4549361,1.179142,41.08113,https://analisi.transparenciacatalunya.cat/resource/kvmv-ahh4.csv?%24where=nom_comarca%3D%27Tarragon%C3%A8s%27&%24limit=50000&%24order=any%2Ccodi_municipi_6%2Ccodi_centre
2025,43005972,Institut Ramon Barbat i Miracle,Departament d'Educació i Formació Professional,"av. de l'Alcalde Pere Molas, s/n",43480,431711,Vila-seca,Tarragonès,344654,4551674,1.150076,41.101,https://analisi.transparenciacatalunya.cat/resource/kvmv-ahh4.csv?%24where=nom_comarca%3D%27Tarragon%C3%A8s%27&%24limit=50000&%24order=any%2Ccodi_municipi_6%2Ccodi_centre
2025,43006241,Escola La Plana,Departament d'Educació i Formació Professional,"Camí Mas de la Cuca, s/n",43480,431711,Vila-seca,Tarragonès,342825,4554816,1.127501,41.12943,https://analisi.transparenciacatalunya.cat/resource/kvmv-ahh4.csv?%24where=nom_comarca%3D%27Tarragon%C3%A8s%27&%24limit=50000&%24order=any%2Ccodi_municipi_6%2Ccodi_centre
2025,43006289,Cons. de Música de Vila-seca,Corporacions Locals,"av. de la Generalitat, 27",43480,431711,Vila-seca,Tarragonès,343937,4552851,1.141248,41.1119,https://analisi.transparenciacatalunya.cat/resource/kvmv-ahh4.csv?%24where=nom_comarca%3D%27Tarragon%C3%A8s%27&%24limit=50000&%24order=any%2Ccodi_municipi_6%2Ccodi_centre
2025,43006332,Escola Mestral,Departament d'Educació i Formació Professional,"c. Santiago Rusiñol, s/n",43480,431711,Vila-seca,Tarragonès,343829,4552720,1.139988,41.11076,https://analisi.transparenciacatalunya.cat/resource/kvmv-ahh4.csv?%24where=nom_comarca%3D%27Tarragon%C3%A8s%27&%24limit=50000&%24order=any%2Ccodi_municipi_6%2Ccodi_centre
2025,43008158,LLI privada Pineda,Cooperatives,"c. Jacint Verdaguer, 6",43480,431711,Vila-seca,Tarragonès,343921,4552494,1.141144,41.10874,https://analisi.transparenciacatalunya.cat/resource/kvmv-ahh4.csv?%24where=nom_comarca%3D%27Tarragon%C3%A8s%27&%24limit=50000&%24order=any%2Ccodi_municipi_6%2Ccodi_centre
2025,43008523,Institut Vila-seca,Departament d'Educació i Formació Professional,"av. de l'Alcalde Pere Molas, s/n",43480,431711,Vila-seca,Tarragonès,344618,4551851,1.149601,41.10308,https://analisi.transparenciacatalunya.cat/resource/kvmv-ahh4.csv?%24where=nom_comarca%3D%27Tarragon%C3%A8s%27&%24limit=50000&%24order=any%2Ccodi_municipi_6%2Ccodi_centre
2025,43008742,Esc. de Música Municipal de Vila-seca,Corporacions Locals,"av. de la Generalitat, 27",43480,431711,Vila-seca,Tarragonès,343933,4552846,1.141205,41.11192,https://analisi.transparenciacatalunya.cat/resource/kvmv-ahh4.csv?%24where=nom_comarca%3D%27Tarragon%C3%A8s%27&%24limit=50000&%24order=any%2Ccodi_municipi_6%2Ccodi_centre
2025,43010086,CFA Vilaseca,Departament d'Educació i Formació Professional,"c. Sant Pere, 25 (cant. pl. Estudi, 1)",43480,431711,Vila-seca,Tarragonès,344389,4552578,1.146692,41.10959,https://analisi.transparenciacatalunya.cat/resource/kvmv-ahh4.csv?%24where=nom_comarca%3D%27Tarragon%C3%A8s%27&%24limit=50000&%24order=any%2Ccodi_municipi_6%2Ccodi_centre
2025,43010426,EB privada L'Estel,Societats Civils,"c. de Sant Jordi, 25",43480,431711,Vila-seca,Tarragonès,344039,4552769,1.142481,41.11124,https://analisi.transparenciacatalunya.cat/resource/kvmv-ahh4.csv?%24where=nom_comarca%3D%27Tarragon%C3%A8s%27&%24limit=50000&%24order=any%2Ccodi_municipi_6%2Ccodi_centre
2025,43010530,Escola Miramar,Departament d'Educació i Formació Professional,"c. Era del Delme, 20",43480,431711,Vila-seca,Tarragonès,344250,4552068,1.145169,41.10497,https://analisi.transparenciacatalunya.cat/resource/kvmv-ahh4.csv?%24where=nom_comarca%3D%27Tarragon%C3%A8s%27&%24limit=50000&%24order=any%2Ccodi_municipi_6%2Ccodi_centre
2025,43011492,Escola La Canaleta,Departament d'Educació i Formació Professional,"c. d'Alfons I, 18",43480,431711,Vila-seca,Tarragonès,344231,4553221,1.144655,41.11535,https://analisi.transparenciacatalunya.cat/resource/kvmv-ahh4.csv?%24where=nom_comarca%3D%27Tarragon%C3%A8s%27&%24limit=50000&%24order=any%2Ccodi_municipi_6%2Ccodi_centre
2025,43011595,Llar d'infants Fartets,Corporacions Locals,"c. Luis Mariano, 4",43480,431711,Vila-seca,Tarragonès,347075,4549388,1.179461,41.08138,https://analisi.transparenciacatalunya.cat/resource/kvmv-ahh4.csv?%24where=nom_comarca%3D%27Tarragon%C3%A8s%27&%24limit=50000&%24order=any%2Ccodi_municipi_6%2Ccodi_centre
2025,43012551,Llar d'infants Les Vimeteres,Corporacions Locals,"c. de l'Era del Delme, s/n",43480,431711,Vila-seca,Tarragonès,344291,4552126,1.145643,41.105,https://analisi.transparenciacatalunya.cat/resource/kvmv-ahh4.csv?%24where=nom_comarca%3D%27Tarragon%C3%A8s%27&%24limit=50000&%24order=any%2Ccodi_municipi_6%2Ccodi_centre
2025,43013348,Escola de Dansa África Aguilar,Persones Físiques,"c. Doctor Gibert, 8, baixos",43480,431711,Vila-seca,Tarragonès,344428.9,4552786.2,1.147118,41.111474,https://analisi.transparenciacatalunya.cat/resource/kvmv-ahh4.csv?%24where=nom_comarca%3D%27Tarragon%C3%A8s%27&%24limit=50000&%24order=any%2Ccodi_municipi_6%2Ccodi_centre
2025,43004931,Escola Santa Maria del Mar,Departament d'Educació i Formació Professional,"c. Juan Manuel Muñoz Rodriguez, 5",43840,439057,Salou,Tarragonès,343040,4549709,1.131373,41.08349,https://analisi.transparenciacatalunya.cat/resource/kvmv-ahh4.csv?%24where=nom_comarca%3D%27Tarragon%C3%A8s%27&%24limit=50000&%24order=any%2Ccodi_municipi_6%2Ccodi_centre
2025,43004967,Elisabeth,Cooperatives,"c. Miquel Martí i Pol, 1",43840,439057,Salou,Tarragonès,342661,4550098,1.12676,41.08692,https://analisi.transparenciacatalunya.cat/resource/kvmv-ahh4.csv?%24where=nom_comarca%3D%27Tarragon%C3%A8s%27&%24limit=50000&%24order=any%2Ccodi_municipi_6%2Ccodi_centre
2025,43006393,Escola Europa,Departament d'Educació i Formació Professional,"pl. de la Segregació, 2",43840,439057,Salou,Tarragonès,343301,4549463,1.134543,41.08134,https://analisi.transparenciacatalunya.cat/resource/kvmv-ahh4.csv?%24where=nom_comarca%3D%27Tarragon%C3%A8s%27&%24limit=50000&%24order=any%2Ccodi_municipi_6%2Ccodi_centre
2025,43007026,LLI privada Nou Esplai,Societats Mercantils,"c. Berlín, s/n",43840,439057,Salou,Tarragonès,343498,4549175,1.136958,41.07878,https://analisi.transparenciacatalunya.cat/resource/kvmv-ahh4.csv?%24where=nom_comarca%3D%27Tarragon%C3%A8s%27&%24limit=50000&%24order=any%2Ccodi_municipi_6%2Ccodi_centre
2025,43007518,Esc. de Música Municipal,Corporacions Locals,"c. advocat Gallego, 2/arquit.Ubach, 1",43840,439057,Salou,Tarragonès,343394,4549443,1.13565,41.08117,https://analisi.transparenciacatalunya.cat/resource/kvmv-ahh4.csv?%24where=nom_comarca%3D%27Tarragon%C3%A8s%27&%24limit=50000&%24order=any%2Ccodi_municipi_6%2Ccodi_centre
2025,43007543,Institut Jaume I,Departament d'Educació i Formació Professional,"c. Advocat Gallego, 6",43840,439057,Salou,Tarragonès,343254,4549581,1.133948,41.0823,https://analisi.transparenciacatalunya.cat/resource/kvmv-ahh4.csv?%24where=nom_comarca%3D%27Tarragon%C3%A8s%27&%24limit=50000&%24order=any%2Ccodi_municipi_6%2Ccodi_centre
2025,43009451,Escola Salou,Departament d'Educació i Formació Professional,"c. Rosa Sensat, 2",43840,439057,Salou,Tarragonès,342760,4549499,1.128091,41.0815,https://analisi.transparenciacatalunya.cat/resource/kvmv-ahh4.csv?%24where=nom_comarca%3D%27Tarragon%C3%A8s%27&%24limit=50000&%24order=any%2Ccodi_municipi_6%2Ccodi_centre
2025,43010153,Escola Vora Mar,Departament d'Educació i Formació Professional,"c. Maria Castillo, s/n",43840,439057,Salou,Tarragonès,342748,4549801,1.127875,41.08427,https://analisi.transparenciacatalunya.cat/resource/kvmv-ahh4.csv?%24where=nom_comarca%3D%27Tarragon%C3%A8s%27&%24limit=50000&%24order=any%2Ccodi_municipi_6%2Ccodi_centre
2025,43010347,Institut Marta Mata,Departament d'Educació i Formació Professional,"c. Domènech Sugrañes i Gras, s/n",43840,439057,Salou,Tarragonès,342713,4549670,1.127485,41.08308,https://analisi.transparenciacatalunya.cat/resource/kvmv-ahh4.csv?%24where=nom_comarca%3D%27Tarragon%C3%A8s%27&%24limit=50000&%24order=any%2Ccodi_municipi_6%2Ccodi_centre
2025,43010921,Llar d'infants La Balena Blava,Corporacions Locals,"c. de Barcelona, 95",43840,439057,Salou,Tarragonès,343137,4549846,1.132492,41.08475,https://analisi.transparenciacatalunya.cat/resource/kvmv-ahh4.csv?%24where=nom_comarca%3D%27Tarragon%C3%A8s%27&%24limit=50000&%24order=any%2Ccodi_municipi_6%2Ccodi_centre
2025,43011200,EOI de Salou,Departament d'Educació i Formació Professional,"pg. 30 d'octubre, 4",43840,439057,Salou,Tarragonès,343360,4549523,1.135227,41.08188,https://analisi.transparenciacatalunya.cat/resource/kvmv-ahh4.csv?%24where=nom_comarca%3D%27Tarragon%C3%A8s%27&%24limit=50000&%24order=any%2Ccodi_municipi_6%2Ccodi_centre
2025,43011765,CFA Àgora,Corporacions Locals,"av. de Pau Casals, s/n",43840,439057,Salou,Tarragonès,342623,4549793,1.12639,41.08417,https://analisi.transparenciacatalunya.cat/resource/kvmv-ahh4.csv?%24where=nom_comarca%3D%27Tarragon%C3%A8s%27&%24limit=50000&%24order=any%2Ccodi_municipi_6%2Ccodi_centre
2025,43012022,Llar d'infants Cavallet de Mar,Corporacions Locals,"c. de Domènech Sugra¦es i Gras, 2",43840,439057,Salou,Tarragonès,342749,4549731,1.127901,41.08364,https://analisi.transparenciacatalunya.cat/resource/kvmv-ahh4.csv?%24where=nom_comarca%3D%27Tarragon%C3%A8s%27&%24limit=50000&%24order=any%2Ccodi_municipi_6%2Ccodi_centre
2025,43012666,EIC,Fundacions,"c. Salvador Espriu, s/n",43840,439057,Salou,Tarragonès,344606,4550695,1.149754,41.09268,https://analisi.transparenciacatalunya.cat/resource/kvmv-ahh4.csv?%24where=nom_comarca%3D%27Tarragon%C3%A8s%27&%24limit=50000&%24order=any%2Ccodi_municipi_6%2Ccodi_centre
2025,43003185,Escola La Canonja,Departament d'Educació i Formació Professional,"c. Carrasco i Formiguera, 8",43110,439076,La Canonja,Tarragonès,347645,4553641,1.185196,41.11978,https://analisi.transparenciacatalunya.cat/resource/kvmv-ahh4.csv?%24where=nom_comarca%3D%27Tarragon%C3%A8s%27&%24limit=50000&%24order=any%2Ccodi_municipi_6%2Ccodi_centre
2025,43008237,LLI privada Mare de Déu de l'Esperança,Fundacions,"c. Major de Masricart, 10",43110,439076,La Canonja,Tarragonès,347501,4553525,1.18351,41.11871,https://analisi.transparenciacatalunya.cat/resource/kvmv-ahh4.csv?%24where=nom_comarca%3D%27Tarragon%C3%A8s%27&%24limit=50000&%24order=any%2Ccodi_municipi_6%2Ccodi_centre
2025,43008481,Institut Collblanc,Departament d'Educació i Formació Professional,"c. Carrasco i Formiguera, 12",43110,439076,La Canonja,Tarragonès,347873,4553718,1.187883,41.12051,https://analisi.transparenciacatalunya.cat/resource/kvmv-ahh4.csv?%24where=nom_comarca%3D%27Tarragon%C3%A8s%27&%24limit=50000&%24order=any%2Ccodi_municipi_6%2Ccodi_centre
