year,municipality_code,municipality,age_code,age_label,age_years,sex,population,source_url
2021,431711,Vila-seca,Y000,0 anys,0,M,103,"https://api.idescat.cat/taules/v2/censph/10/5975/mun/data?lang=ca&YEAR=2021&MUN=431711&SEX=M,F"
2021,431711,Vila-seca,Y000,0 anys,0,F,98,"https://api.idescat.cat/taules/v2/censph/10/5975/mun/data?lang=ca&YEAR=2021&MUN=431711&SEX=M,F"
2021,431711,Vila-seca,Y001,1 any,1,M,113,"https://api.idescat.cat/taules/v2/censph/10/5975/mun/data?lang=ca&YEAR=2021&MUN=431711&SEX=M,F"
2021,431711,Vila-seca,Y001,1 any,1,F,87,"https://api.idescat.cat/taules/v2/censph/10/5975/mun/data?lang=ca&YEAR=2021&MUN=431711&SEX=M,F"
2021,431711,Vila-seca,Y002,2 anys,2,M,125,"https://api.idescat.cat/taules/v2/censph/10/5975/mun/data?lang=ca&YEAR=2021&MUN=431711&SEX=M,F"
2021,431711,Vila-seca,Y002,2 anys,2,F,116,"https://api.idescat.cat/taules/v2/censph/10/5975/mun/data?lang=ca&YEAR=2021&MUN=431711&SEX=M,F"
2021,431711,Vila-seca,Y003,3 anys,3,M,127,"https://api.idescat.cat/taules/v2/censph/10/5975/mun/data?lang=ca&YEAR=2021&MUN=431711&SEX=M,F"
2021,431711,Vila-seca,Y003,3 anys,3,F,124,"https://api.idescat.cat/taules/v2/censph/10/5975/mun/data?lang=ca&YEAR=2021&MUN=431711&SEX=M,F"
2021,431711,Vila-seca,Y004,4 anys,4,M,133,"https://api.idescat.cat/taules/v2/censph/10/5975/mun/data?lang=ca&YEAR=2021&MUN=431711&SEX=M,F"
2021,431711,Vila-seca,Y004,4 anys,4,F,134,"https://api.idescat.cat/taules/v2/censph/10/5975/mun/data?lang=ca&YEAR=2021&MUN=431711&SEX=M,F"
2021,431711,Vila-seca,Y005,5 anys,5,M,138,"https://api.idescat.cat/taules/v2/censph/10/5975/mun/data?lang=ca&YEAR=2021&MUN=431711&SEX=M,F"
2021,431711,Vila-seca,Y005,5 anys,5,F,159,"https://api.idescat.cat/taules/v2/censph/10/5975/mun/data?lang=ca&YEAR=2021&MUN=431711&SEX=M,F"
2021,431711,Vila-seca,Y006,6 anys,6,M,183,"https://api.idescat.cat/taules/v2/censph/10/5975/mun/data?lang=ca&YEAR=2021&MUN=431711&SEX=M,F"
2021,431711,Vila-seca,Y006,6 anys,6,F,150.0,"https://api.idescat.cat/taules/v2/censph/10/5975/mun/data?lang=ca&YEAR=2021&MUN=431711&SEX=M,F"
2021,431711,Vila-seca,Y007,7 anys,7,M,155,"https://api.idescat.cat/taules/v2/censph/10/5975/mun/data?lang=ca&YEAR=2021&MUN=431711&SEX=M,F"
2021,431711,Vila-seca,Y007,7 anys,7,F,142,"https://api.idescat.cat/taules/v2/censph/10/5975/mun/data?lang=ca&YEAR=2021&MUN=431711&SEX=M,F"
2021,431711,Vila-seca,Y008,8 anys,8,M,134,"https://api.idescat.cat/taules/v2/censph/10/5975/mun/data?lang=ca&YEAR=2021&MUN=431711&SEX=M,F"
2021,431711,Vila-seca,Y008,8 anys,8,F,138,"https://api.idescat.cat/taules/v2/censph/10/5975/mun/data?lang=ca&YEAR=2021&MUN=431711&SEX=M,F"
2021,431711,Vila-seca,Y009,9 anys,9,M,170.0,"https://api.idescat.cat/taules/v2/censph/10/5975/mun/data?lang=ca&YEAR=2021&MUN=431711&SEX=M,F"
2021,431711,Vila-seca,Y009,9 anys,9,F,146,"https://api.idescat.cat/taules/v2/censph/10/5975/mun/data?lang=ca&YEAR=2021&MUN=431711&SEX=M,F"
2021,431711,Vila-seca,Y010,10 anys,10,M,159,"https://api.idescat.cat/taules/v2/censph/10/5975/mun/data?lang=ca&YEAR=2021&MUN=431711&SEX=M,F"
2021,431711,Vila-seca,Y010,10 anys,10,F,153,"https://api.idescat.cat/taules/v2/censph/10/5975/mun/data?lang=ca&YEAR=2021&MUN=431711&SEX=M,F"
2021,431711,Vila-seca,Y011,11 anys,11,M,170.0,"https://api.idescat.cat/taules/v2/censph/10/5975/mun/data?lang=ca&YEAR=2021&MUN=431711&SEX=M,F"
2021,431711,Vila-seca,Y011,11 anys,11,F,147,"https://api.idescat.cat/taules/v2/censph/10/5975/mun/data?lang=ca&YEAR=2021&MUN=431711&SEX=M,F"
2021,431711,Vila-seca,Y012,12 anys,12,M,171,"https://api.idescat.cat/taules/v2/censph/10/5975/mun/data?lang=ca&YEAR=2021&MUN=431711&SEX=M,F"
2021,431711,Vila-seca,Y012,12 anys,12,F,152,"https://api.idescat.cat/taules/v2/censph/10/5975/mun/data?lang=ca&YEAR=2021&MUN=431711&SEX=M,F"
2021,431711,Vila-seca,Y013,13 anys,13,M,127,"https://api.idescat.cat/taules/v2/censph/10/5975/mun/data?lang=ca&YEAR=2021&MUN=431711&SEX=M,F"
2021,431711,Vila-seca,Y013,13 anys,13,F,124,"https://api.idescat.cat/taules/v2/censph/10/5975/mun/data?lang=ca&YEAR=2021&MUN=431711&SEX=M,F"
2021,431711,Vila-seca,Y014,14 anys,14,M,142,"https://api.idescat.cat/taules/v2/censph/10/5975/mun/data?lang=ca&YEAR=2021&MUN=431711&SEX=M,F"
2021,431711,Vila-seca,Y014,14 anys,14,F,135,"https://api.idescat.cat/taules/v2/censph/10/5975/mun/data?lang=ca&YEAR=2021&MUN=431711&SEX=M,F"
2021,431711,Vila-seca,Y015,15 anys,15,M,138,"https://api.idescat.cat/taules/v2/censph/10/5975/mun/data?lang=ca&YEAR=2021&MUN=431711&SEX=M,F"
2021,431711,Vila-seca,Y015,15 anys,15,F,130.0,"https://api.idescat.cat/taules/v2/censph/10/5975/mun/data?lang=ca&YEAR=2021&MUN=431711&SEX=M,F"
2021,431711,Vila-seca,Y016,16 anys,16,M,109,"https://api.idescat.cat/taules/v2/censph/10/5975/mun/data?lang=ca&YEAR=2021&MUN=431711&SEX=M,F"
2021,431711,Vila-seca,Y016,16 anys,16,F,107,"https://api.idescat.cat/taules/v2/censph/10/5975/mun/data?lang=ca&YEAR=2021&MUN=431711&SEX=M,F"
2021,431711,Vila-seca,Y017,17 anys,17,M,128,"https://api.idescat.cat/taules/v2/censph/10/5975/mun/data?lang=ca&YEAR=2021&MUN=431711&SEX=M,F"
2021,431711,Vila-seca,Y017,17 anys,17,F,99,"https://api.idescat.cat/taules/v2/censph/10/5975/mun/data?lang=ca&YEAR=2021&MUN=431711&SEX=M,F"
2021,431711,Vila-seca,Y018,18 anys,18,M,108,"https://api.idescat.cat/taules/v2/censph/10/5975/mun/data?lang=ca&YEAR=2021&MUN=431711&SEX=M,F"
2021,431711,Vila-seca,Y018,18 anys,18,F,113,"https://api.idescat.cat/taules/v2/censph/10/5975/mun/data?lang=ca&YEAR=2021&MUN=431711&SEX=M,F"
2021,431711,Vila-seca,Y019,19 anys,19,M,103,"https://api.idescat.cat/taules/v2/censph/10/5975/mun/data?lang=ca&YEAR=2021&MUN=431711&SEX=M,F"
2021,431711,Vila-seca,Y019,19 anys,19,F,104,"https://api.idescat.cat/taules/v2/censph/10/5975/mun/data?lang=ca&YEAR=2021&MUN=431711&SEX=M,F"
2021,431711,Vila-seca,Y020,20 anys,20,M,115,"https://api.idescat.cat/taules/v2/censph/10/5975/mun/data?lang=ca&YEAR=2021&MUN=431711&SEX=M,F"
2021,431711,Vila-seca,Y020,20 anys,20,F,116,"https://api.idescat.cat/taules/v2/censph/10/5975/mun/data?lang=ca&YEAR=2021&MUN=431711&SEX=M,F"
2021,431711,Vila-seca,Y021,21 anys,21,M,93,"https://api.idescat.cat/taules/v2/censph/10/5975/mun/data?lang=ca&YEAR=2021&MUN=431711&SEX=M,F"
2021,431711,Vila-seca,Y021,21 anys,21,F,100.0,"https://api.idescat.cat/taules/v2/censph/10/5975/mun/data?lang=ca&YEAR=2021&MUN=431711&SEX=M,F"
2021,431711,Vila-seca,Y022,22 anys,22,M,115,"https://api.idescat.cat/taules/v2/censph/10/5975/mun/data?lang=ca&YEAR=2021&MUN=431711&SEX=M,F"
2021,431711,Vila-seca,Y022,22 anys,22,F,111,"https://api.idescat.cat/taules/v2/censph/10/5975/mun/data?lang=ca&YEAR=2021&MUN=431711&SEX=M,F"
2021,431711,Vila-seca,Y023,23 anys,23,M,109,"https://api.idescat.cat/taules/v2/censph/10/5975/mun/data?lang=ca&YEAR=2021&MUN=431711&SEX=M,F"
2021,431711,Vila-seca,Y023,23 anys,23,F,92,"https://api.idescat.cat/taules/v2/censph/10/5975/mun/data?lang=ca&YEAR=2021&MUN=431711&SEX=M,F"
2021,431711,Vila-seca,Y024,24 anys,24,M,105,"https://api.idescat.cat/taules/v2/censph/10/5975/mun/data?lang=ca&YEAR=2021&MUN=431711&SEX=M,F"
2021,431711,Vila-seca,Y024,24 anys,24,F,109,"https://api.idescat.cat/taules/v2/censph/10/5975/mun/data?lang=ca&YEAR=2021&MUN=431711&SEX=M,F"
2021,431711,Vila-seca,Y025,25 anys,25,M,90.0,"https://api.idescat.cat/taules/v2/censph/10/5975/mun/data?lang=ca&YEAR=2021&MUN=431711&SEX=M,F"
2021,431711,Vila-seca,Y025,25 anys,25,F,91,"https://api.idescat.cat/taules/v2/censph/10/5975/mun/data?lang=ca&YEAR=2021&MUN=431711&SEX=M,F"
2021,431711,Vila-seca,Y026,26 anys,26,M,100.0,"https://api.idescat.cat/taules/v2/censph/10/5975/mun/data?lang=ca&YEAR=2021&MUN=431711&SEX=M,F"
2021,431711,Vila-seca,Y026,26 anys,26,F,122,"https://api.idescat.cat/taules/v2/censph/10/5975/mun/data?lang=ca&YEAR=2021&MUN=431711&SEX=M,F"
2021,431711,Vila-seca,Y027,27 anys,27,M,113,"https://api.idescat.cat/taules/v2/censph/10/5975/mun/data?lang=ca&YEAR=2021&MUN=431711&SEX=M,F"
2021,431711,Vila-seca,Y027,27 anys,27,F,105,"https://api.idescat.cat/taules/v2/censph/10/5975/mun/data?lang=ca&YEAR=2021&MUN=431711&SEX=M,F"
2021,431711,Vila-seca,Y028,28 anys,28,M,108,"https://api.idescat.cat/taules/v2/censph/10/5975/mun/data?lang=ca&YEAR=2021&MUN=431711&SEX=M,F"
2021,431711,Vila-seca,Y028,28 anys,28,F,110.0,"https://api.idescat.cat/taules/v2/censph/10/5975/mun/data?lang=ca&YEAR=2021&MUN=431711&SEX=M,F"
2021,431711,Vila-seca,Y029,29 anys,29,M,128,"https://api.idescat.cat/taules/v2/censph/10/5975/mun/data?lang=ca&YEAR=2021&MUN=431711&SEX=M,F"
2021,431711,Vila-seca,Y029,29 anys,29,F,124,"https://api.idescat.cat/taules/v2/censph/10/5975/mun/data?lang=ca&YEAR=2021&MUN=431711&SEX=M,F"
2021,431711,Vila-seca,Y030,30 anys,30,M,146,"https://api.idescat.cat/taules/v2/censph/10/5975/mun/data?lang=ca&YEAR=2021&MUN=431711&SEX=M,F"
2021,431711,Vila-seca,Y030,30 anys,30,F,146,"https://api.idescat.cat/taules/v2/censph/10/5975/mun/data?lang=ca&YEAR=2021&MUN=431711&SEX=M,F"
2021,431711,Vila-seca,Y031,31 anys,31,M,111,"https://api.idescat.cat/taules/v2/censph/10/5975/mun/data?lang=ca&YEAR=2021&MUN=431711&SEX=M,F"
2021,431711,Vila-seca,Y031,31 anys,31,F,129,"https://api.idescat.cat/taules/v2/censph/10/5975/mun/data?lang=ca&YEAR=2021&MUN=431711&SEX=M,F"
2021,431711,Vila-seca,Y032,32 anys,32,M,125,"https://api.idescat.cat/taules/v2/censph/10/5975/mun/data?lang=ca&YEAR=2021&MUN=431711&SEX=M,F"
2021,431711,Vila-seca,Y032,32 anys,32,F,172,"https://api.idescat.cat/taules/v2/censph/10/5975/mun/data?lang=ca&YEAR=2021&MUN=431711&SEX=M,F"
2021,431711,Vila-seca,Y033,33 anys,33,M,178,"https://api.idescat.cat/taules/v2/censph/10/5975/mun/data?lang=ca&YEAR=2021&MUN=431711&SEX=M,F"
2021,431711,Vila-seca,Y033,33 anys,33,F,164,"https://api.idescat.cat/taules/v2/censph/10/5975/mun/data?lang=ca&YEAR=2021&MUN=431711&SEX=M,F"
2021,431711,Vila-seca,Y034,34 anys,34,M,174,"https://api.idescat.cat/taules/v2/censph/10/5975/mun/data?lang=ca&YEAR=2021&MUN=431711&SEX=M,F"
2021,431711,Vila-seca,Y034,34 anys,34,F,179,"https://api.idescat.cat/taules/v2/censph/10/5975/mun/data?lang=ca&YEAR=2021&MUN=431711&SEX=M,F"
2021,431711,Vila-seca,Y035,35 anys,35,M,148,"https://api.idescat.cat/taules/v2/censph/10/5975/mun/data?lang=ca&YEAR=2021&MUN=431711&SEX=M,F"
2021,431711,Vila-seca,Y035,35 anys,35,F,182,"https://api.idescat.cat/taules/v2/censph/10/5975/mun/data?lang=ca&YEAR=2021&MUN=431711&SEX=M,F"
2021,431711,Vila-seca,Y036,36 anys,36,M,184,"https://api.idescat.cat/taules/v2/censph/10/5975/mun/data?lang=ca&YEAR=2021&MUN=431711&SEX=M,F"
2021,431711,Vila-seca,Y036,36 anys,36,F,192,"https://api.idescat.cat/taules/v2/censph/10/5975/mun/data?lang=ca&YEAR=2021&MUN=431711&SEX=M,F"
2021,431711,Vila-seca,Y037,37 anys,37,M,193,"https://api.idescat.cat/taules/v2/censph/10/5975/mun/data?lang=ca&YEAR=2021&MUN=431711&SEX=M,F"
2021,431711,Vila-seca,Y037,37 anys,37,F,197,"https://api.idescat.cat/taules/v2/censph/10/5975/mun/data?lang=ca&YEAR=2021&MUN=431711&SEX=M,F"
2021,431711,Vila-seca,Y038,38 anys,38,M,203,"https://api.idescat.cat/taules/v2/censph/10/5975/mun/data?lang=ca&YEAR=2021&MUN=431711&SEX=M,F"
2021,431711,Vila-seca,Y038,38 anys,38,F,226,"https://api.idescat.cat/taules/v2/censph/10/5975/mun/data?lang=ca&YEAR=2021&MUN=431711&SEX=M,F"
2021,431711,Vila-seca,Y039,39 anys,39,M,226,"https://api.idescat.cat/taules/v2/censph/10/5975/mun/data?lang=ca&YEAR=2021&MUN=431711&SEX=M,F"
2021,431711,Vila-seca,Y039,39 anys,39,F,219,"https://api.idescat.cat/taules/v2/censph/10/5975/mun/data?lang=ca&YEAR=2021&MUN=431711&SEX=M,F"
2021,431711,Vila-seca,Y040,40 anys,40,M,229,"https://api.idescat.cat/taules/v2/censph/10/5975/mun/data?lang=ca&YEAR=2021&MUN=431711&SEX=M,F"
2021,431711,Vila-seca,Y040,40 anys,40,F,249,"https://api.idescat.cat/taules/v2/censph/10/5975/mun/data?lang=ca&YEAR=2021&MUN=431711&SEX=M,F"
2021,431711,Vila-seca,Y041,41 anys,41,M,247,"https://api.idescat.cat/taules/v2/censph/10/5975/mun/data?lang=ca&YEAR=2021&MUN=431711&SEX=M,F"
2021,431711,Vila-seca,Y041,41 anys,41,F,230.0,"https://api.idescat.cat/taules/v2/censph/10/5975/mun/data?lang=ca&YEAR=2021&MUN=431711&SEX=M,F"
2021,431711,Vila-seca,Y042,42 anys,42,M,259,"https://api.idescat.cat/taules/v2/censph/10/5975/mun/data?lang=ca&YEAR=2021&MUN=431711&SEX=M,F"
2021,431711,Vila-seca,Y042,42 anys,42,F,242,"https://api.idescat.cat/taules/v2/censph/10/5975/mun/data?lang=ca&YEAR=2021&MUN=431711&SEX=M,F"
2021,431711,Vila-seca,Y043,43 anys,43,M,274,"https://api.idescat.cat/taules/v2/censph/10/5975/mun/data?lang=ca&YEAR=2021&MUN=431711&SEX=M,F"
2021,431711,Vila-seca,Y043,43 anys,43,F,227,"https://api.idescat.cat/taules/v2/censph/10/5975/mun/data?lang=ca&YEAR=2021&MUN=431711&SEX=M,F"
2021,431711,Vila-seca,Y044,44 anys,44,M,242,"https://api.idescat.cat/taules/v2/censph/10/5975/mun/data?lang=ca&YEAR=2021&MUN=431711&SEX=M,F"
2021,431711,Vila-seca,Y044,44 anys,44,F,255,"https://api.idescat.cat/taules/v2/censph/10/5975/mun/data?lang=ca&YEAR=2021&MUN=431711&SEX=M,F"
2021,431711,Vila-seca,Y045,45 anys,45,M,242,"https://api.idescat.cat/taules/v2/censph/10/5975/mun/data?lang=ca&YEAR=2021&MUN=431711&SEX=M,F"
2021,431711,Vila-seca,Y045,45 anys,45,F,197,"https://api.idescat.cat/taules/v2/censph/10/5975/mun/data?lang=ca&YEAR=2021&MUN=431711&SEX=M,F"
2021,431711,Vila-seca,Y046,46 anys,46,M,216,"https://api.idescat.cat/taules/v2/censph/10/5975/mun/data?lang=ca&YEAR=2021&MUN=431711&SEX=M,F"
2021,431711,Vila-seca,Y046,46 anys,46,F,195,"https://api.idescat.cat/taules/v2/censph/10/5975/mun/data?lang=ca&YEAR=2021&MUN=431711&SEX=M,F"
2021,431711,Vila-seca,Y047,47 anys,47,M,231,"https://api.idescat.cat/taules/v2/censph/10/5975/mun/data?lang=ca&YEAR=2021&MUN=431711&SEX=M,F"
2021,431711,Vila-seca,Y047,47 anys,47,F,171,"https://api.idescat.cat/taules/v2/censph/10/5975/mun/data?lang=ca&YEAR=2021&MUN=431711&SEX=M,F"
2021,431711,Vila-seca,Y048,48 anys,48,M,196,"https://api.idescat.cat/taules/v2/censph/10/5975/mun/data?lang=ca&YEAR=2021&MUN=431711&SEX=M,F"
2021,431711,Vila-seca,Y048,48 anys,48,F,163,"https://api.idescat.cat/taules/v2/censph/10/5975/mun/data?lang=ca&YEAR=2021&MUN=431711&SEX=M,F"
2021,431711,Vila-seca,Y049,49 anys,49,M,187,"https://api.idescat.cat/taules/v2/censph/10/5975/mun/data?lang=ca&YEAR=2021&MUN=431711&SEX=M,F"
2021,431711,Vila-seca,Y049,49 anys,49,F,154,"https://api.idescat.cat/taules/v2/censph/10/5975/mun/data?lang=ca&YEAR=2021&MUN=431711&SEX=M,F"
2021,431711,Vila-seca,Y050,50 anys,50,M,176,"https://api.idescat.cat/taules/v2/censph/10/5975/mun/data?lang=ca&YEAR=2021&MUN=431711&SEX=M,F"
2021,431711,Vila-seca,Y050,50 anys,50,F,149,"https://api.idescat.cat/taules/v2/censph/10/5975/mun/data?lang=ca&YEAR=2021&MUN=431711&SEX=M,F"
2021,431711,Vila-seca,Y051,51 anys,51,M,176,"https://api.idescat.cat/taules/v2/censph/10/5975/mun/data?lang=ca&YEAR=2021&MUN=431711&SEX=M,F"
2021,431711,Vila-seca,Y051,51 anys,51,F,150.0,"https://api.idescat.cat/taules/v2/censph/10/5975/mun/data?lang=ca&YEAR=2021&MUN=431711&SEX=M,F"
2021,431711,Vila-seca,Y052,52 anys,52,M,143,"https://api.idescat.cat/taules/v2/censph/10/5975/mun/data?lang=ca&YEAR=2021&MUN=431711&SEX=M,F"
2021,431711,Vila-seca,Y052,52 anys,52,F,139,"https://api.idescat.cat/taules/v2/censph/10/5975/mun/data?lang=ca&YEAR=2021&MUN=431711&SEX=M,F"
2021,431711,Vila-seca,Y053,53 anys,53,M,163,"https://api.idescat.cat/taules/v2/censph/10/5975/mun/data?lang=ca&YEAR=2021&MUN=431711&SEX=M,F"
2021,431711,Vila-seca,Y053,53 anys,53,F,137,"https://api.idescat.cat/taules/v2/censph/10/5975/mun/data?lang=ca&YEAR=2021&MUN=431711&SEX=M,F"
2021,431711,Vila-seca,Y054,54 anys,54,M,172,"https://api.idescat.cat/taules/v2/censph/10/5975/mun/data?lang=ca&YEAR=2021&MUN=431711&SEX=M,F"
2021,431711,Vila-seca,Y054,54 anys,54,F,151,"https://api.idescat.cat/taules/v2/censph/10/5975/mun/data?lang=ca&YEAR=2021&MUN=431711&SEX=M,F"
2021,431711,Vila-seca,Y055,55 anys,55,M,157,"https://api.idescat.cat/taules/v2/censph/10/5975/mun/data?lang=ca&YEAR=2021&MUN=431711&SEX=M,F"
2021,431711,Vila-seca,Y055,55 anys,55,F,132,"https://api.idescat.cat/taules/v2/censph/10/5975/mun/data?lang=ca&YEAR=2021&MUN=431711&SEX=M,F"
2021,431711,Vila-seca,Y056,56 anys,56,M,154,"https://api.idescat.cat/taules/v2/censph/10/5975/mun/data?lang=ca&YEAR=2021&MUN=431711&SEX=M,F"
2021,431711,Vila-seca,Y056,56 anys,56,F,153,"https://api.idescat.cat/taules/v2/censph/10/5975/mun/data?lang=ca&YEAR=2021&MUN=431711&SEX=M,F"
2021,431711,Vila-seca,Y057,57 anys,57,M,127,"https://api.idescat.cat/taules/v2/censph/10/5975/mun/data?lang=ca&YEAR=2021&MUN=431711&SEX=M,F"
2021,431711,Vila-seca,Y057,57 anys,57,F,160.0,"https://api.idescat.cat/taules/v2/censph/10/5975/mun/data?lang=ca&YEAR=2021&MUN=431711&SEX=M,F"
2021,431711,Vila-seca,Y058,58 anys,58,M,137,"https://api.idescat.cat/taules/v2/censph/10/5975/mun/data?lang=ca&YEAR=2021&MUN=431711&SEX=M,F"
2021,431711,Vila-seca,Y058,58 anys,58,F,117,"https://api.idescat.cat/taules/v2/censph/10/5975/mun/data?lang=ca&YEAR=2021&MUN=431711&SEX=M,F"
2021,431711,Vila-seca,Y059,59 anys,59,M,114,"https://api.idescat.cat/taules/v2/censph/10/5975/mun/data?lang=ca&YEAR=2021&MUN=431711&SEX=M,F"
2021,431711,Vila-seca,Y059,59 anys,59,F,132,"https://api.idescat.cat/taules/v2/censph/10/5975/mun/data?lang=ca&YEAR=2021&MUN=431711&SEX=M,F"
2021,431711,Vila-seca,Y060,60 anys,60,M,120.0,"https://api.idescat.cat/taules/v2/censph/10/5975/mun/data?lang=ca&YEAR=2021&MUN=431711&SEX=M,F"
2021,431711,Vila-seca,Y060,60 anys,60,F,126,"https://api.idescat.cat/taules/v2/censph/10/5975/mun/data?lang=ca&YEAR=2021&MUN=431711&SEX=M,F"
2021,431711,Vila-seca,Y061,61 anys,61,M,126,"https://api.idescat.cat/taules/v2/censph/10/5975/mun/data?lang=ca&YEAR=2021&MUN=431711&SEX=M,F"
2021,431711,Vila-seca,Y061,61 anys,61,F,119,"https://api.idescat.cat/taules/v2/censph/10/5975/mun/data?lang=ca&YEAR=2021&MUN=431711&SEX=M,F"
2021,431711,Vila-seca,Y062,62 anys,62,M,118,"https://api.idescat.cat/taules/v2/censph/10/5975/mun/data?lang=ca&YEAR=2021&MUN=431711&SEX=M,F"
2021,431711,Vila-seca,Y062,62 anys,62,F,116,"https://api.idescat.cat/taules/v2/censph/10/5975/mun/data?lang=ca&YEAR=2021&MUN=431711&SEX=M,F"
2021,431711,Vila-seca,Y063,63 anys,63,M,97,"https://api.idescat.cat/taules/v2/censph/10/5975/mun/data?lang=ca&YEAR=2021&MUN=431711&SEX=M,F"
2021,431711,Vila-seca,Y063,63 anys,63,F,140.0,"https://api.idescat.cat/taules/v2/censph/10/5975/mun/data?lang=ca&YEAR=2021&MUN=431711&SEX=M,F"
2021,431711,Vila-seca,Y064,64 anys,64,M,108,"https://api.idescat.cat/taules/v2/censph/10/5975/mun/data?lang=ca&YEAR=2021&MUN=431711&SEX=M,F"
2021,431711,Vila-seca,Y064,64 anys,64,F,122,"https://api.idescat.cat/taules/v2/censph/10/5975/mun/data?lang=ca&YEAR=2021&MUN=431711&SEX=M,F"
2021,431711,Vila-seca,Y065,65 anys,65,M,125,"https://api.idescat.cat/taules/v2/censph/10/5975/mun/data?lang=ca&YEAR=2021&MUN=431711&SEX=M,F"
2021,431711,Vila-seca,Y065,65 anys,65,F,130.0,"https://api.idescat.cat/taules/v2/censph/10/5975/mun/data?lang=ca&YEAR=2021&MUN=431711&SEX=M,F"
2021,431711,Vila-seca,Y066,66 anys,66,M,105,"https://api.idescat.cat/taules/v2/censph/10/5975/mun/data?lang=ca&YEAR=2021&MUN=431711&SEX=M,F"
2021,431711,Vila-seca,Y066,66 anys,66,F,100.0,"https://api.idescat.cat/taules/v2/censph/10/5975/mun/data?lang=ca&YEAR=2021&MUN=431711&SEX=M,F"
2021,431711,Vila-seca,Y067,67 anys,67,M,115,"https://api.idescat.cat/taules/v2/censph/10/5975/mun/data?lang=ca&YEAR=2021&MUN=431711&SEX=M,F"
2021,431711,Vila-seca,Y067,67 anys,67,F,118,"https://api.idescat.cat/taules/v2/censph/10/5975/mun/data?lang=ca&YEAR=2021&MUN=431711&SEX=M,F"
2021,431711,Vila-seca,Y068,68 anys,68,M,121,"https://api.idescat.cat/taules/v2/censph/10/5975/mun/data?lang=ca&YEAR=2021&MUN=431711&SEX=M,F"
2021,431711,Vila-seca,Y068,68 anys,68,F,98,"https://api.idescat.cat/taules/v2/censph/10/5975/mun/data?lang=ca&YEAR=2021&MUN=431711&SEX=M,F"
2021,431711,Vila-seca,Y069,69 anys,69,M,90.0,"https://api.idescat.cat/taules/v2/censph/10/5975/mun/data?lang=ca&YEAR=2021&MUN=431711&SEX=M,F"
2021,431711,Vila-seca,Y069,69 anys,69,F,103,"https://api.idescat.cat/taules/v2/censph/10/5975/mun/data?lang=ca&YEAR=2021&MUN=431711&SEX=M,F"
2021,431711,Vila-seca,Y070,70 anys,70,M,83,"https://api.idescat.cat/taules/v2/censph/10/5975/mun/data?lang=ca&YEAR=2021&MUN=431711&SEX=M,F"
2021,431711,Vila-seca,Y070,70 anys,70,F,92,"https://api.idescat.cat/taules/v2/censph/10/5975/mun/data?lang=ca&YEAR=2021&MUN=431711&SEX=M,F"
2021,431711,Vila-seca,Y071,71 anys,71,M,89,"https://api.idescat.cat/taules/v2/censph/10/5975/mun/data?lang=ca&YEAR=2021&MUN=431711&SEX=M,F"
2021,431711,Vila-seca,Y071,71 anys,71,F,93,"https://api.idescat.cat/taules/v2/censph/10/5975/mun/data?lang=ca&YEAR=2021&MUN=431711&SEX=M,F"
2021,431711,Vila-seca,Y072,72 anys,72,M,85,"https://api.idescat.cat/taules/v2/censph/10/5975/mun/data?lang=ca&YEAR=2021&MUN=431711&SEX=M,F"
2021,431711,Vila-seca,Y072,72 anys,72,F,91,"https://api.idescat.cat/taules/v2/censph/10/5975/mun/data?lang=ca&YEAR=2021&MUN=431711&SEX=M,F"
2021,431711,Vila-seca,Y073,73 anys,73,M,95,"https://api.idescat.cat/taules/v2/censph/10/5975/mun/data?lang=ca&YEAR=2021&MUN=431711&SEX=M,F"
2021,431711,Vila-seca,Y073,73 anys,73,F,79,"https://api.idescat.cat/taules/v2/censph/10/5975/mun/data?lang=ca&YEAR=2021&MUN=431711&SEX=M,F"
2021,431711,Vila-seca,Y074,74 anys,74,M,72,"https://api.idescat.cat/taules/v2/censph/10/5975/mun/data?lang=ca&YEAR=2021&MUN=431711&SEX=M,F"
2021,431711,Vila-seca,Y074,74 anys,74,F,65,"https://api.idescat.cat/taules/v2/censph/10/5975/mun/data?lang=ca&YEAR=2021&MUN=431711&SEX=M,F"
2021,431711,Vila-seca,Y075,75 anys,75,M,64,"https://api.idescat.cat/taules/v2/censph/10/5975/mun/data?lang=ca&YEAR=2021&MUN=431711&SEX=M,F"
2021,431711,Vila-seca,Y075,75 anys,75,F,69,"https://api.idescat.cat/taules/v2/censph/10/5975/mun/data?lang=ca&YEAR=2021&MUN=431711&SEX=M,F"
2021,431711,Vila-seca,Y076,76 anys,76,M,56,"https://api.idescat.cat/taules/v2/censph/10/5975/mun/data?lang=ca&YEAR=2021&MUN=431711&SEX=M,F"
2021,431711,Vila-seca,Y076,76 anys,76,F,64,"https://api.idescat.cat/taules/v2/censph/10/5975/mun/data?lang=ca&YEAR=2021&MUN=431711&SEX=M,F"
2021,431711,Vila-seca,Y077,77 anys,77,M,52,"https://api.idescat.cat/taules/v2/censph/10/5975/mun/data?lang=ca&YEAR=2021&MUN=431711&SEX=M,F"
2021,431711,Vila-seca,Y077,77 anys,77,F,74,"https://api.idescat.cat/taules/v2/censph/10/5975/mun/data?lang=ca&YEAR=2021&MUN=431711&SEX=M,F"
2021,431711,Vila-seca,Y078,78 anys,78,M,48,"https://api.idescat.cat/taules/v2/censph/10/5975/mun/data?lang=ca&YEAR=2021&MUN=431711&SEX=M,F"
2021,431711,Vila-seca,Y078,78 anys,78,F,46,"https://api.idescat.cat/taules/v2/censph/10/5975/mun/data?lang=ca&YEAR=2021&MUN=431711&SEX=M,F"
2021,431711,Vila-seca,Y079,79 anys,79,M,37,"https://api.idescat.cat/taules/v2/censph/10/5975/mun/data?lang=ca&YEAR=2021&MUN=431711&SEX=M,F"
2021,431711,Vila-seca,Y079,79 anys,79,F,42,"https://api.idescat.cat/taules/v2/censph/10/5975/mun/data?lang=ca&YEAR=2021&MUN=431711&SEX=M,F"
2021,431711,Vila-seca,Y080,80 anys,80,M,39,"https://api.idescat.cat/taules/v2/censph/10/5975/mun/data?lang=ca&YEAR=2021&MUN=431711&SEX=M,F"
2021,431711,Vila-seca,Y080,80 anys,80,F,65,"https://api.idescat.cat/taules/v2/censph/10/5975/mun/data?lang=ca&YEAR=2021&MUN=431711&SEX=M,F"
2021,431711,Vila-seca,Y081,81 anys,81,M,25,"https://api.idescat.cat/taules/v2/censph/10/5975/mun/data?lang=ca&YEAR=2021&MUN=431711&SEX=M,F"
2021,431711,Vila-seca,Y081,81 anys,81,F,31,"https://api.idescat.cat/taules/v2/censph/10/5975/mun/data?lang=ca&YEAR=2021&MUN=431711&SEX=M,F"
2021,431711,Vila-seca,Y082,82 anys,82,M,27,"https://api.idescat.cat/taules/v2/censph/10/5975/mun/data?lang=ca&YEAR=2021&MUN=431711&SEX=M,F"
2021,431711,Vila-seca,Y082,82 anys,82,F,44,"https://api.idescat.cat/taules/v2/censph/10/5975/mun/data?lang=ca&YEAR=2021&MUN=431711&SEX=M,F"
2021,431711,Vila-seca,Y083,83 anys,83,M,37,"https://api.idescat.cat/taules/v2/censph/10/5975/mun/data?lang=ca&YEAR=2021&MUN=431711&SEX=M,F"
2021,431711,Vila-seca,Y083,83 anys,83,F,50.0,"https://api.idescat.cat/taules/v2/censph/10/5975/mun/data?lang=ca&YEAR=2021&MUN=431711&SEX=M,F"
2021,431711,Vila-seca,Y084,84 anys,84,M,29,"https://api.idescat.cat/taules/v2/censph/10/5975/mun/data?lang=ca&YEAR=2021&MUN=431711&SEX=M,F"
2021,431711,Vila-seca,Y084,84 anys,84,F,41,"https://api.idescat.cat/taules/v2/censph/10/5975/mun/data?lang=ca&YEAR=2021&MUN=431711&SEX=M,F"
2021,431711,Vila-seca,Y085,85 anys,85,M,27,"https://api.idescat.cat/taules/v2/censph/10/5975/mun/data?lang=ca&YEAR=2021&MUN=431711&SEX=M,F"
2021,431711,Vila-seca,Y085,85 anys,85,F,40.0,"https://api.idescat.cat/taules/v2/censph/10/5975/mun/data?lang=ca&YEAR=2021&MUN=431711&SEX=M,F"
2021,431711,Vila-seca,Y086,86 anys,86,M,21,"https://api.idescat.cat/taules/v2/censph/10/5975/mun/data?lang=ca&YEAR=2021&MUN=431711&SEX=M,F"
2021,431711,Vila-seca,Y086,86 anys,86,F,48,"https://api.idescat.cat/taules/v2/censph/10/5975/mun/data?lang=ca&YEAR=2021&MUN=431711&SEX=M,F"
2021,431711,Vila-seca,Y087,87 anys,87,M,13,"https://api.idescat.cat/taules/v2/censph/10/5975/mun/data?lang=ca&YEAR=2021&MUN=431711&SEX=M,F"
2021,431711,Vila-seca,Y087,87 anys,87,F,35,"https://api.idescat.cat/taules/v2/censph/10/5975/mun/data?lang=ca&YEAR=2021&MUN=431711&SEX=M,F"
2021,431711,Vila-seca,Y088,88 anys,88,M,11,"https://api.idescat.cat/taules/v2/censph/10/5975/mun/data?lang=ca&YEAR=2021&MUN=431711&SEX=M,F"
2021,431711,Vila-seca,Y088,88 anys,88,F,26,"https://api.idescat.cat/taules/v2/censph/10/5975/mun/data?lang=ca&YEAR=2021&MUN=431711&SEX=M,F"
2021,431711,Vila-seca,Y089,89 anys,89,M,17,"https://api.idescat.cat/taules/v2/censph/10/5975/mun/data?lang=ca&YEAR=2021&MUN=431711&SEX=M,F"
2021,431711,Vila-seca,Y089,89 anys,89,F,19,"https://api.idescat.cat/taules/v2/censph/10/5975/mun/data?lang=ca&YEAR=2021&MUN=431711&SEX=M,F"
2021,431711,Vila-seca,Y090,90 anys,90,M,7,"https://api.idescat.cat/taules/v2/censph/10/5975/mun/data?lang=ca&YEAR=2021&MUN=431711&SEX=M,F"
2021,431711,Vila-seca,Y090,90 anys,90,F,23,"https://api.idescat.cat/taules/v2/censph/10/5975/mun/data?lang=ca&YEAR=2021&MUN=431711&SEX=M,F"
2021,431711,Vila-seca,Y091,91 anys,91,M,13,"https://api.idescat.cat/taules/v2/censph/10/5975/mun/data?lang=ca&YEAR=2021&MUN=431711&SEX=M,F"
2021,431711,Vila-seca,Y091,91 anys,91,F,24,"https://api.idescat.cat/taules/v2/censph/10/5975/mun/data?lang=ca&YEAR=2021&MUN=431711&SEX=M,F"
2021,431711,Vila-seca,Y092,92 anys,92,M,4,"https://api.idescat.cat/taules/v2/censph/10/5975/mun/data?lang=ca&YEAR=2021&MUN=431711&SEX=M,F"
2021,431711,Vila-seca,Y092,92 anys,92,F,11,"https://api.idescat.cat/taules/v2/censph/10/5975/mun/data?lang=ca&YEAR=2021&MUN=431711&SEX=M,F"
2021,431711,Vila-seca,Y093,93 anys,93,M,2,"https://api.idescat.cat/taules/v2/censph/10/5975/mun/data?lang=ca&YEAR=2021&MUN=431711&SEX=M,F"
2021,431711,Vila-seca,Y093,93 anys,93,F,9,"https://api.idescat.cat/taules/v2/censph/10/5975/mun/data?lang=ca&YEAR=2021&MUN=431711&SEX=M,F"
2021,431711,Vila-seca,Y094,94 anys,94,M,10.0,"https://api.idescat.cat/taules/v2/censph/10/5975/mun/data?lang=ca&YEAR=2021&MUN=431711&SEX=M,F"
2021,431711,Vila-seca,Y094,94 anys,94,F,13,"https://api.idescat.cat/taules/v2/censph/10/5975/mun/data?lang=ca&YEAR=2021&MUN=431711&SEX=M,F"
2021,431711,Vila-seca,Y095,95 anys,95,M,5,"https://api.idescat.cat/taules/v2/censph/10/5975/mun/data?lang=ca&YEAR=2021&MUN=431711&SEX=M,F"
2021,431711,Vila-seca,Y095,95 anys,95,F,7,"https://api.idescat.cat/taules/v2/censph/10/5975/mun/data?lang=ca&YEAR=2021&MUN=431711&SEX=M,F"
2021,431711,Vila-seca,Y096,96 anys,96,M,3,"https://api.idescat.cat/taules/v2/censph/10/5975/mun/data?lang=ca&YEAR=2021&MUN=431711&SEX=M,F"
2021,431711,Vila-seca,Y096,96 anys,96,F,5,"https://api.idescat.cat/taules/v2/censph/10/5975/mun/data?lang=ca&YEAR=2021&MUN=431711&SEX=M,F"
2021,431711,Vila-seca,Y097,97 anys,97,M,0,"https://api.idescat.cat/taules/v2/censph/10/5975/mun/data?lang=ca&YEAR=2021&MUN=431711&SEX=M,F"
2021,431711,Vila-seca,Y097,97 anys,97,F,6,"https://api.idescat.cat/taules/v2/censph/10/5975/mun/data?lang=ca&YEAR=2021&MUN=431711&SEX=M,F"
2021,431711,Vila-seca,Y098,98 anys,98,M,2,"https://api.idescat.cat/taules/v2/censph/10/5975/mun/data?lang=ca&YEAR=2021&MUN=431711&SEX=M,F"
2021,431711,Vila-seca,Y098,98 anys,98,F,3,"https://api.idescat.cat/taules/v2/censph/10/5975/mun/data?lang=ca&YEAR=2021&MUN=431711&SEX=M,F"
2021,431711,Vila-seca,Y099,99 anys,99,M,2,"https://api.idescat.cat/taules/v2/censph/10/5975/mun/data?lang=ca&YEAR=2021&MUN=431711&SEX=M,F"
2021,431711,Vila-seca,Y099,99 anys,99,F,1,"https://api.idescat.cat/taules/v2/censph/10/5975/mun/data?lang=ca&YEAR=2021&MUN=431711&SEX=M,F"
2021,431711,Vila-seca,Y_GE100,100 anys o més,100,M,1,"https://api.idescat.cat/taules/v2/censph/10/5975/mun/data?lang=ca&YEAR=2021&MUN=431711&SEX=M,F"
2021,431711,Vila-seca,Y_GE100,100 anys o més,100,F,3,"https://api.idescat.cat/taules/v2/censph/10/5975/mun/data?lang=ca&YEAR=2021&MUN=431711&SEX=M,F"
